RATEPAYER,RV,Property Address,LIABILITY_START,
Cannon Colbeck Llp,7600,"Unit 16A Grove Mills, Elland Lane, Elland, HX5 9DZ",10-03-2014,
,4150,"Unit 3 Clifby Works, Sandbeds Road, Pellon, Halifax              HX2 0QQ",16-06-2014,
,7400,"Ground Floor, 18 Clare Road, Halifax, HX1 2JP",07-02-2014,
Yorkshire Assured Properties Ltd,7800,"1ST Floor, 18 Clare Road, Halifax, HX1 2JP",07-02-2014,
Blackshaw Holdings Ltd,1825,"Office 3 Clifton House, Bradford Road, Bailiff Bridge, Brighouse            HD6 4EJ",01-07-2014,
,1650,"39 Wakefield Road, Hipperholme, Halifax, HX3 8AA",05-07-2014,
Units To Let [Northern] Ltd,950,"Unit 5 First Floor, Mearclough Works, Mearclough Road, Sowerby Bridge       HX6 3LF",01-07-2012,
,11500,"31/33 Crown Street, Halifax, HX1 1TT",01-06-2014,
,5800,"14 Union Street, Halifax, HX1 1PR",01-05-2014,
,4450,"54 Carr House Road, Shelf, Halifax, HX3 7RJ",06-04-2014,
Calderdale Mbc Markets Manager,3100,"Stalls 21/22 Market Hall, Brook Street, Todmorden, OL14 5AJ",01-10-2012,
,1350,"Unit 37, Mill House Works, Triangle, Sowerby Bridge      HX6 3LN",01-04-2014,
Friarshill Ltd,1300,"Unit 8 Washer Lane Works, Washer Lane, Halifax, HX2 7DX",01-06-2014,
Jamie Stanton Ltd,1950,"Unit 1 Ground Floor, The Town Hall, St George's Street, Hebden Bridge        HX7 7BY",23-06-2014,
,3100,"The Acorn Centre, 32 Burnley Road, Todmorden, OL14 5EZ",20-06-2014,
,2550,"Warehouse Adj K S Chatta, Tillotson Avenue, Sowerby, Sowerby Bridge       HX6 1BX",30-06-2014,
,1775,"2 Dale Street, Todmorden, OL14 5PX",01-05-2014,
West Yorkshire Windscreens Limited,5000,"Units 1 & 2, New Delight Works, Boothtown Road, Halifax              HX3 6TU",01-03-2014,
,6400,"Flat 5, 1 Savile Terrace, Savile Park Road, Halifax              HX1 3DU",01-05-2014,
,2150,"The Sewing Rooms, 36 Market Street, Hebden Bridge, HX7 6AA",14-05-2014,
,2150,"Salter Rake Gate Cottage, Bottomley Road, Walsden, Todmorden           OL14 6QZ",26-05-2014,
Bizspace Ltd,7000,"Unit 7, Calderdale Business Park, Club Lane, Halifax              HX2 8AX",25-03-2014,
,14250,"7 Victoria Road, Elland, HX5 0AB",22-05-2014,
,1850,"Unit 37 Washer Lane Works, Washer Lane, Halifax, HX2 7DX",16-06-2014,
,5200,"54a Southgate, Elland, HX5 0DQ",02-06-2014,
,6400,"64 Saddleworth Road, Greetland, Halifax, HX4 8AG",01-04-2014,
,11250,"Unit 13, Branxholme Industrial Estate, Bradford Road, Brighouse            HD6 4EA",02-05-2014,
,5200,"Unit D Woodman Works, South Lane, Elland, HX5 0PA",01-01-2014,
,1900,"23A Ovenden Road, Halifax, HX3 5PN",01-10-2013,
Crestell Ltd,22500,"Function Hall, Crossley Hse Function Venue, Hopwood Lane, Halifax              HX1 5ER",01-06-2013,
Texsys Ltd,15000,"Seminar Room, Crossley Hse Function Venue, Hopwood Lane, Halifax              HX1 5ER",01-06-2013,
,4400,"2 Pellon Lane, Halifax, HX1 5SP",09-05-2014,
,2900,"Unit 71 Bowers Mill, Branch Road, Barkisland, Halifax              HX4 0AD",14-03-2014,
Optimum Storage Systems Ltd,2750,"Unit 2 Brian Royd Mills, Brian Royd Lane, Greetland, Halifax              HX4 8PE",01-05-2014,
Millcraft Associates,1500,"Unit 16, Hebble End Mill, Hebble End, Hebden Bridge       HX7 6HJ",01-07-2014,
Accept Car Credit Ltd,1625,"Unit 6 Victoria Works, The Boathouse, Wharf Street, Brighouse            HD6 1PP",01-03-2014,
Blackshaw Holdings Ltd,1975,"Unit 29 Birkby House, Birkby Lane, Bailiff Bridge, Brighouse            HD6 4JJ",01-03-2014,
Blackshaw Holdings Ltd,1975,"Unit 28 Birkby House, Birkby Lane, Bailiff Bridge, Brighouse            HD6 4JJ",01-03-2014,
Millcraft Associates,1200,"Unit 9 Hebble End Mill, Hebble End, Hebden Bridge, HX7 6HJ",01-07-2014,
,5500,"Unit B1 (B) & B12, Lower Ladyship Mills, Old Lane, Halifax              HX3 5QN",01-02-2014,
,2400,"Unit B1 (A), Lower Ladyship Mills, Old Lane, Halifax              HX3 5QN",01-02-2014,
Relecting Roadstuds Ltd,6900,"Unit 1 Reflecting Roadstuds, Mill Lane, Boothtown, Halifax              HX3 6TR",09-06-2014,
Relecting Roadstuds Ltd,6300,"Unit 2 Reflecting Roadstuds, Mill Lane, Boothtown, Halifax              HX3 6TR",09-06-2014,
The Sign Up Agency Ltd,2325,"Suite 4 Craggs Country B/Pk, New Road, Cragg Vale, Hebden Bridge        HX7 5TT",01-04-2014,
Cuttin Edge Carpets Ltd,8600,"1 Ovenden Road, Halifax, HX3 5PN",09-06-2014,
,2500,"35 Victoria Road, Elland, HX5 0AB",20-05-2011,
Blackshaw Holdings Ltd,5600,"Units 5/6 Station Ind.Park, Station Road, Luddendenfoot, Halifax              HX2 6AD",01-06-2014,
Metropolis Transport Ltd,5000,"Unit 2 Station Industrial Pk, Station Road, Luddendenfoot, HX2 6AD",01-06-2014,
,3400,"Dundas Street, Halifax, HX1 3PQ",01-05-2014,
New Image Fitness Ltd,2600,"48 Warley Town Lane, Halifax, HX2 7SA",01-07-2014,
,5100,"1 New Street, Bailiff Bridge, Brighouse, HD6 4DP",01-07-2014,
Kino & Co,5900,"Unit HM2 Holmfield Mills, Holdsworth Road, Halifax, HX3 6SN",01-07-2014,
Hannah Nunn Ltd,1150,"Office 3 Suite 1, 1ST Flr Burlees House, Hangingroyd Lane, Hebden Bridge        HX7 7DD",01-03-2014,
,14500,"The Winterburn, 1 Winterburn Hill, Warley, Halifax              HX2 7SQ",09-07-2014,
Ideal Boats Company Ltd,3200,"Unit 21 Robinwood Mill, Burnley Road, Todmorden, OL14 8JA",12-07-2014,
,7800,"Harley Mill, Harley Street, Todmorden, OL14 5JE",12-07-2014,
Markit Jewellery Ltd,370,"Unit 3B South Mill, White Rose Mill, Holdsworth Road, Halifax              HX3 6SN",24-01-2014,
Kino & Co,1600,"Unit 1.02/1.03, White Rose Mill, Holdsworth Road, Halifax              HX3 6SN",01-01-2014,
Kino & Co,4500,"Unit SM2 White Rose Mill, Holdsworth Road, Halifax, HX3 6SN",21-03-2014,
,2450,"Unit 21, Mill House Works, Mill House Lane, Triangle            HX6 3LN",11-07-2014,
,7200,"Rear Of Unit 7/8, Queens Road Works, Queens Road, Halifax              HX1 3XY",20-08-2013,
,2800,"65 Burnley Road, Todmorden, OL14 7BS",01-07-2014,
,6500,"21a West End, Hebden Bridge, HX7 8UQ",02-05-2014,
Yorkshire Cleaning Fabrics Ltd,47500,"Unit 2, Drakes Industrial Estate, Shay Lane, Halifax             HX3 6RL",15-07-2014,
Calderdale Mbc Parking Services,2000,"Free Car Park, Bridge Lanes, Hebden Bridge, HX7 6AT",01-04-2013,
Albanyview Limited,1400,"Licensed Car Park, Bridge Lanes, Hebden Bridge, HX7 6AT",01-04-2013,
,3000,"27 Queens Road, Halifax, HX1 3NS",07-05-2014,
,3150,"Unit S M 5.1, White Rose Mill, Holdsworth Road, Halifax              HX3 6SN",01-06-2014,
,1800,"Unit 1 Washer Lane Works, Washer Lane, Halifax, HX2 7DX",01-06-2014,
,8800,"Wellholme Garage, 1ST Floor, 74 Bradford Road, Brighouse            HD6 4AA",07-07-2014,
El Gato Negro Ltd,6400,"Junction Inn, 1 Oldham Road, Ripponden, Sowerby Bridge       HX6 4DN",01-04-2014,
Hunter Chemicals Ltd,870,"Suite 9 Craggs Country B/Pk, New Road, Cragg Vale, Hebden Bridge        HX7 5TT",01-04-2014,
Craggs Country Business Park Llp,1950,"Suite 8 Craggs Country B/Pk, New Road, Cragg Vale, Hebden Bridge        HX7 5TT",01-04-2014,
,1150,"Harrison House, 10 Harrison Road, Halifax, HX1 2AF",09-04-2014,
,540,"Harrison House, 10 Harrison Road, Halifax, HX1 2AF",07-04-2014,
,3800,"Harrison House, 10 Harrison Road, Halifax, HX1 2AF",07-04-2014,
,3950,"Harrison House, 10 Harrison Road, Halifax, HX1 2AF",07-04-2014,
,5300,"Harrison House, 10 Harrison Road, Halifax, HX1 2AF",07-04-2014,
Premier Pipeline Supplies Ltd,33500,"Unit 25 Grove Mills, Elland Lane, Elland, HX5 9DZ",27-06-2014,
Waxman Holdings Ltd,233000,"Grove Mills, Elland Lane, Elland, HX5 9DZ",27-06-2014,
,1375,"Harrison House, 10 Harrison Road, Halifax, HX1 2AF",07-04-2014,
,4550,"Harrison House, 10 Harrison Road, Halifax, HX1 2AF",07-04-2014,
,10000,"Harrison House, 10 Harrison Road, Halifax, HX1 2AF",07-04-2014,
Angel Wings Homecare Ltd,2550,"128 Bradford Road, Brighouse, HD6 4AU",01-09-2013,
,1675,"Halifax Road, Hipperholme, Halifax, HX3 8ER",06-06-2014,
,7500,"Sun Inn, 94 New Hey Road, Brighouse, HD6 3PZ",04-06-2014,
Coral Racing Ltd,44000,"41 Westgate House, Market Street, Halifax, HX1 1PD",14-06-2013,
Infocash Holdings Ltd,5900,"Atm At, 41 Westgate House, Market Street, Halifax              HX1 1PD",14-06-2013,
Mssq Ltd,3650,"First Floor, 23 Emscote Street South, Halifax, HX1 3AN",01-02-2014,
Bits N Bobs Uk Ltd,4450,"Ground Floor, 23 Emscote Street South, Halifax, HX1 3AN",01-02-2014,
Thetransporteruk Ltd,3200,"Pt Grd Flr The Factory, 23 Emscote Street South, Halifax, HX1 3AN",01-02-2014,
,3000,"32 Fenton Road, Halifax, HX1 3PP",24-05-2014,
,1250,"First Floor, 32 Fenton Road, Halifax, HX1 3PP",24-05-2014,
,6500,"Pt Grd & 1ST Flr Arden Works, Fenton Road, Halifax, HX1 3PP",24-05-2014,
James Hargreaves (Plumbers Merchants) Ltd,20500,"Units 2-3, Halifax Industrial Centre, Marshway, Halifax              HX1 5RW",24-06-2011,
Lakebeech Ltd,27500,"Royds Ices, Cragg Road, Mytholmroyd, Hebden Bridge        HX7 5HR",01-04-2014,
,5800,"Unit A, Church Street Garage, Church Street, Halifax             HX1 1QY",01-03-2014,
,6250,"6 Lord Street, Halifax, HX1 5AE",15-05-2014,
,2850,"85 Stainland Road, Greetland, Halifax, HX4 8BD",15-07-2014,
,3850,"30 Waterhouse Street, Halifax, HX1 1UQ",01-04-2014,
,2850,"4 Cheetham Street, Hebden Bridge, HX7 8EW",01-09-2013,
Enco Ltd,12500,"Unit 7, Wellington Business Centre, Quebec Street, Elland               HX5 9AS",16-05-2014,
Bizspace Ltd,5500,"Unit 16H, Calderdale Business Park, Club Lane, Halifax              HX2 8AX",02-06-2014,
Bizspace Ltd,2950,"Units 12A & 12B, Calderdale Business Park, Club Lane, Halifax              HX2 8AX",02-06-2014,
Domus Healthcare Group Ltd,9600,"Unit 11, Calderdale Business Park, Club Lane, Halifax              HX2 8AX",02-06-2014,
Due West Ltd,20750,"10 Albion Street, Halifax, HX1 1DU",20-05-2014,
Elland Pharmco Ltd,10750,"18 Huddersfield Road, Elland, HX5 9DW",13-03-2013,
,3650,"Unit 2 The Old Bakery, Cain Lane, Southowram, Halifax              HX3 9SA",08-03-2014,
,4600,"Unit 1 The Old Bakery, Cain Lane, Southowram, Halifax              HX3 9SA",21-01-2014,
,2150,"3 Crimsworth Terrace, Midgehole, Hebden Bridge, HX7 7AJ",02-08-2013,
The Farm Ripponden Ltd,2100,"Holiday Lets Units 1-6, Butchers Arms, Rochdale Road, Ripponden            HX6 4JU",01-09-2012,
,2275,"Unit 8, Asquith Bottom Works, Asquith Bottom, Sowerby Bridge       HX6 3BS",01-05-2014,
J R Hall Ltd,14000,"Dean Royd Works, Deanroyd Road, Todmorden, OL14 6TT",01-04-2014,
Down2Earth Centre Ltd,6800,"Suite 4, 1ST Floor Burlees House, Hangingroyd Lane, Hebden Bridge        HX7 7DD",17-07-2014,
Growth Into Awareness (2014) Ltd,5900,"Suite 5, 1ST Floor Burlees House, Hangingroyd Lane, Hebden Bridge        HX7 7DD",17-07-2014,
M D Marble Ltd,12250,"Unit 2/4a, Bull Fold Garage, Owler Ings Road, Brighouse           HD6 1EJ",01-06-2014,
Geekology Ltd,4900,"Unit 22, The Town Hall, St George's Street, Hebden Bridge        HX7 7BY",21-06-2014,
Focus It Limited,17000,"Waterside Gymnasium, Valley Road, Hebden Bridge, HX7 7BZ",18-07-2014,
,2200,"Unit 24 2ND Floor, The Town Hall, St George's Street, Hebden Bridge        HX7 7BY",01-05-2014,
Draincraft Ltd,20250,"53 Commercial Street, Brighouse, HD6 1AF",04-03-2014,
Eight Sixteen Coffee Company Ltd,4150,"F Mill Ground East A, Dean Clough Mills, Halifax, HX3 5AX",01-04-2014,
Kerry Berry Ltd,4400,"75 Southgate, Elland, HX5 0DQ",21-07-2014,
H & J Hitchens Electronics Ltd,2425,"9 North Street, Greetland, Halifax, HX4 8DQ",01-02-2014,
Express Office Solutions Ltd,890,"North Street, Greetland, Halifax, HX4 8DQ",01-02-2014,
Infoobjects Ltd,2400,"Office B20 First Floor, Croft Myl, West Parade, Halifax              HX1 2EQ",21-07-2014,
,27750,"Unit 1, Caldervale Business Park, River Street, Brighouse            HD6 1LU",05-04-2014,
Ovenden Road Ltd,11250,"White Horse Inn, Spring Gardens, Burnley Road, Sowerby Bridge      HX6 2TW",21-07-2014,
Units To Let [Northern] Ltd,1375,"Unit 13A Mearclough Works, Mearclough Road, Sowerby Bridge, HX6 3LF",01-04-2014,
Edgar Dickinson Properties Ltd,6800,"Unit 14 Bowers Mill, Branch Road, Barkisland, Halifax              HX4 0AD",01-08-2014,
Sporting Memorabilia (Yorkshire) Ltd,5600,"Part 1ST Floor, 5 Clare Road, Halifax, HX1 2HX",01-01-2013,
,3000,"Knowle Garage, Leeds Road, Lightcliffe, Halifax             HX3 8SX",01-08-2014,
Klassiker 911 Ltd,6500,"Unit 11 Heaton Estate, Bradford Road, Brighouse, HD6 4BW",01-04-2014,
,1500,"9 Midgley Road, Mytholmroyd, Hebden Bridge, HX7 5LW",17-04-2014,
,6600,"32 Bradford Road, Brighouse, HD6 1RW",06-12-2013,
,8000,"34 Bradford Road, Brighouse, HD6 1RW",12-11-2013,
Kip McGrath (Brighouse) Lp,3600,"Office Nos T01-T03, 1ST Floor Cromwell House, Elland Road, Brighouse            HD6 2RG",01-06-2014,
Smiths Haulage & Contracting Ltd,4900,"Unit 5, Sedburgh Road, Halifax, HX3 9HB",01-04-2014,
,4000,"Unit 4, Sedburgh Road, Halifax, HX6 9HB",01-04-2014,
Retech Recycling Ltd,25500,"The Old Foundry (Retech), Mill Lane, Boothtown, Halifax              HX3 6TR",01-06-2014,
Reflecting Roadstuds Ltd,7700,"The Old Foundry (Empty), Mill Lane, Boothtown, Halifax              HX3 6TR",01-06-2014,
Ripon Property Restoration  Ltd,5700,"Part 1ST Floor, 3 Clare Road, Halifax, HX1 2HX",01-01-2013,
Westgrove Services Ltd,2175,"Part 1ST Floor, 3 Clare Road, Halifax, HX1 2HX",01-01-2013,
,5200,"388 Burnley Road, Todmorden, OL14 8EX",01-07-2014,
Carillion Utility Services Group Ltd,3150,"Carillion, Black Brook Way, Stainland Road, Greetland            HX4 8BQ",01-11-2013,
A P A Concrete Repairs Ltd,12500,"Portakabin Office, Stainland Road, Greetland, Halifax              HX4 8BQ",01-11-2013,
Ace Gas Ltd,6000,"Storage Land, Black Brook Way, Stainland Road, Greetland            HX4 8BQ",01-11-2013,
M N D Floors Ltd,2850,"UNIT1C/D Lwr Gf South Mill, White Rose Mill, Holdsworth Road, Halifax              HX3 6SN",01-04-2014,
,3700,"260 Halifax Road, Brighouse, HD6 2QG",01-08-2014,
Sf Beauty Ltd,9300,"48 Park Street, Brighouse, HD6 1JL",12-07-2014,
,1900,"Unit 15 Mill House Works, Mill House Lane, Triangle, Sowerby Bridge       HX6 3LN",05-12-2013,
,2950,"6 Wheatley Lane, Lee Mount, Halifax, HX3 5EU",26-02-2013,
,2950,"8 Wheatley Lane, Lee Mount, Halifax, HX3 5EU",20-02-2014,
,2500,"Unit 10, Kirklees Steelworks, Grove Street, Brighouse            HD6 1PL",02-04-2013,
Bizspace Ltd,1750,"Unit 16B, Calderdale Business Park, Club Lane, Halifax              HX2 8AX",01-04-2014,
Wattlid Ltd,24500,"Units 18C, 18D & 18E, Moderna Business Park, Burnley Road, Mytholmroyd          HX7 5QQ",01-07-2014,
T's Transport Ltd,1100,"First Floor Unit 7A, Woodman Works, South Lane, Elland               HX5 0PA",01-07-2014,
Warmco Space Heating Ltd,260,"Unit 302 3RD Flr South Side, Exchange Mill, Saddleworth Road, Elland               HX5 0RY",08-06-2012,
,4150,"Pack Horse Inn, Cain Lane, Southowram, Halifax             HX3 9SA",16-01-2014,
Kino & Co,1050,"Office H M 3.0, Holmfield Mills, Holdsworth Road, Halifax              HX3 6SN",01-04-2014,
Cvs (Uk) Ltd,27500,"Heath House Surgery, Free School Lane, Halifax, HX1 2PS",28-04-2014,
,1650,"2 Warley Grove, Halifax, HX2 0AE",31-05-2012,
,10000,"Unit 15B Moderna Business Pk, Burnley Road, Mytholmroyd, Hebden Bridge        HX7 5QQ",01-08-2014,
,3250,"Unit 18 Fairlea Mill, Ellen Holme Lane, Luddendenfoot, Halifax             HX2 6EP",01-08-2014,
Exors Of Mr R Naylor,5800,"Hullen Edge Hall, Hullen Edge Lane, Elland, HX5 0QS",24-04-2014,
W W Leese [Hx] Ltd,910,"Unit 1 Lower Brea, Leeds Road, Halifax, HX3 7AQ",01-04-2014,
George Pubs (Brighouse) Ltd,16500,"George Hotel, 2 Commercial Street, Brighouse, HD6 1AQ",08-04-2014,
,5900,"Unit 3 Grange Farm, Ovenden Wood Road, Halifax, HX2 0TQ",01-04-2014,
,21750,"2 Crossley Street, Halifax, HX1 1UG",01-04-2010,
,2500,"Unit 7, Dancroft Industrial Estate, Gauxholme Fold, Todmorden           OL14 7PW",15-09-2012,
,1975,"Friendly Fisheries, Burnley Road, Sowerby Bridge, HX6 2UG",31-03-2014,
Firth Joinery Services Ltd,5200,"Unit 5 Grange Farm, Ovenden Wood Road, Halifax, HX2 0TQ",01-07-2014,
,2950,"Ian Firth Garage, George Street, Elland, HX5 0NE",01-07-2014,
Calderdale Mbc Markets Manager,1325,"Stall 25 Market Hall, Brook Street, Todmorden, OL14 5AJ",26-04-2011,
Cafe Revive,5200,"66b Carr House Road, Shelf, Halifax, HX3 7RJ",05-11-2012,
A R Commercial Repairs,5800,"Unit 15 Woodman Works, South Lane, Elland, HX5 0HQ",01-10-2013,
,4450,"48-50 Market Street, Hebden Bridge, HX7 6AA",01-10-2012,
,3050,"561A Gibbet Street, Halifax, HX2 0AL",30-06-2014,
,1450,"Unit 8 Windsor Works, Victoria Road, Hebden Bridge, HX7 8JX",20-02-2014,
Robertson Refridgeration Services,1675,"Halifax Road, Hipperholme, Halifax, HX3 8ER",01-03-2014,
,3550,"66 Huddersfield Road, Elland, HX5 9AA",01-03-2014,
,1675,"35 Burnley Road, Todmorden, OL14 7BU",18-06-2014,
Woodland Tiles Ltd,5600,"11 Edwards Road, Halifax, HX2 7DG",14-10-2013,
,4550,"5 Victoria Street, West Vale, Halifax, HX4 8DF",01-06-2014,
Kino & Co,1475,"Unit 13 White Rose Mill, Holdsworth Road, Holmfield, Halifax              HX3 6SN",01-08-2014,
,1950,"Unit 2, George Street, Mytholmroyd, Hebden Bridge        HX7 5DT",01-02-2014,
,5400,"Star Garage, Wakefield Road, Copley, Halifax             HX3 0TP",01-05-2012,
Units To Let [Northern] Ltd,1575,"Unit 16a, Mill House Works, Mill House Lane, Triangle            HX6 3LN",01-04-2013,
Unique Pub Properties Ltd,50000,"Bar Eleven, 11 Harrison Road, Halifax, HX1 2AF",30-05-2014,
Benjamin Whiteley & Sons Ltd,16750,"Unit 4, Park Road Mills, Park Road, Elland               HX5 9HX",29-07-2014,
Birds Nest Halifax Ltd,6500,"227/227a King Cross Road, Halifax, HX1 3JL",27-07-2014,
,5900,"Market Stall 27-28, Market Hall, Borough Market, Halifax             HX1 1DZ",18-05-2014,
,3150,"442 Gibbet Street, Halifax, HX2 0AX",08-05-2014,
Stephenson Animal Feeds Ltd,1025,"Unit 3 Robinwood Mill, Burnley Road, Todmorden, OL14 8JA",01-04-2014,
,5200,"19 King Cross Street, Halifax, HX1 2SH",30-06-2014,
Northern Corrugated Cases Ltd,35500,"Shay Lane, Halifax, HX3 6QU",10-04-2014,
Ash Pubs & Taverns Ltd,5300,"Junction Inn, 133 Moor Bottom Road, Illingworth, Halifax             HX2 9SX",30-06-2014,
,2750,"Unit 3, Phoenix Street Works, Wakefield Road, Brighouse            HD6 1PD",01-10-2013,
Ebony Print Ltd,2175,"The Nook, West Street, Sowerby Bridge, HX6 3AJ",30-11-2012,
,3050,"Unit 20 Bowers Mill, Branch Road, Barkisland, Halifax             HX4 0AD",26-09-2013,
Sharlketh Ltd,530,"Unit 8 Bridge Mill, St Georges Square, Hebden Bridge, HX7 8ET",01-11-2011,
Calderdale Mbc Land & Property Services,2275,"54 Illingworth Road, Illingworth, Halifax, HX2 9EN",25-05-2014,
,1275,"101A Hopwood Lane, Halifax, HX1 4HB",01-11-2013,
,1600,"101B Hopwood Lane, Halifax, HX1 4HB",01-11-2013,
,4100,"2 Victoria Buildings, Elland, HX5 0AB",01-02-2014,
Overgate Hospice,30250,"5A Park Street, Brighouse, HD6 1AD",24-05-2012,
Yorkshire Forward Ltd,2250,"8 King Cross Street, Halifax, HX1 2SH",01-03-2013,
Green Sky Distribution Ltd,6900,"Unit HM3 Holmfield Mills, Holdsworth Road, Halifax, HX3 6SN",01-08-2014,
Festival Glass Ltd,9100,"Unit 4D, Calderdale Business Park, Club Lane, Halifax              HX2 8AX",04-08-2014,
,3500,"Unit W3, Tenterfield Business Pk, Burnley Road, Luddendenfoot        HX2 6EQ",01-02-2014,
Vine Property Management Ltd,7600,"Unit 6 Victoria Park, Lightowler Road, Pellon, Halifax              HX1 5ND",04-08-2014,
Dean Clough Ltd,10250,"Office Suite E 207, Dean Clough Mills, Halifax, HX3 5AX",14-06-2014,
,8600,"Unit 6 Clifton Mills, Bradford Road, Bailiff Bridge, Brighouse            HD6 4JJ",27-01-2014,
,6700,"The Tannery, Halifax Road, Hipperholme, Halifax              HX3 8HQ",06-06-2014,
Your Electrical Supplies Service And Solutions (B) Ltd,39500,"Unit 1A Alumex Works, Water Lane, Halifax, HX3 9HG",13-01-2014,
,3400,"32 Town Hall Street, Sowerby Bridge, HX6 2EA",01-08-2014,
,5100,"Maude Street, Greetland, Halifax, HX4 8AJ",28-07-2014,
,1525,"5 Coronation Street, Elland, HX5 0DF",01-03-2012,
,3200,"Wilderness Farm, Gosport Lane, Outlane, Huddersfield         HD3 3FN",01-08-2013,
Warmco Space Heating Ltd,3600,"Unit 2, River Street Business Park, River Street, Brighouse            HD6 1LU",01-10-2013,
,3700,"14 Victoria Road, Elland, HX5 0PU",30-07-2014,
Warmco Space Heating Ltd,1000,"Unit 307 3RD Flr South Side, Exchange Mill, Saddleworth Road, Elland               HX5 0RY",01-01-2013,
Units To Let (Northern) Ltd,1625,"Unit 8, Mill House Works, Mill House Lane, Triangle            HX6 3LN",01-08-2014,
,2425,"Basement Rear, 33 Rochdale Road, Todmorden, OL14 7LA",02-05-2014,
,1850,"Unit 5, Mearclough Works, Mearclough Road, Sowerby Bridge      HX6 3LF",01-02-2014,
St. Michael & All Angels Ce (Foundation) Primary School,25250,"St Michaels J & I School, Meadow Close, Shelf, Halifax              HX3 7QU",01-04-2010,
Chaos Clothing Ltd,14500,"16-18 Union Street, Halifax, HX1 1PR",27-07-2014,
The Angels Out Of School Club,5000,"St Michaels Pre School, Meadow Close, Shelf, Halifax              HX3 7QU",01-04-2010,
Raysaf57 Ltd,54000,"10 Woolshops, Halifax, HX1 1RU",21-06-2014,
,2750,"Bijou Cafe, Sod House Green, Halifax, HX3 6QR",22-07-2014,
Integrated Mechanical Ltd,28000,"Integrated House, 1 Wistons Lane, Elland, HX5 9DT",08-08-2014,
,24500,"14 Rawson Street, Halifax, HX1 1NH",31-03-2014,
Bizspace Ltd,4500,"Unit 14F, Calderdale Business Park, Club Lane, Halifax              HX2 8AX",01-04-2014,
,9600,"The Nook, West Street, Sowerby Bridge, HX6 3AJ",01-04-2014,
,1825,"Unit 6 Atlas Mill, Atlas Mill Road, Brighouse, HD6 1ES",09-08-2014,
,3400,"623 Bradford Road, Bailiff Bridge, Brighouse, HD6 4DN",12-04-2014,
,5100,"Unit 8, Mill Lane, Boothtown, Halifax              HX3 6TR",01-04-2014,
,8100,"Units 1&2(Ground Floor), Queens Road Mills, Gibbet Street, Halifax             HX1 4JX",26-06-2014,
Thornber Chicks Ltd,41500,"Units  2A - 2C, Dean Hey Country Business Pk, Cragg Road, Mytholmroyd          HX7 5RU",01-07-2014,
Garden Street Publishing Ltd,1250,"Office 6 Britannia Works, Garden Street North, Halifax, HX3 6AE",01-04-2014,
Bpr Property Management Ltd,3750,"Part Ground Floor, 3 Clare Road, Halifax, HX1 2HX",01-01-2013,
Bradford Property Restoration Ltd,5300,"Part First Floor, 3 Clare Road, Halifax, HX1 2HX",01-01-2013,
Pbb Properties Ltd,4350,"Part Ground Floor, 3 Clare Road, Halifax, HX1 2HX",01-01-2013,
Albanyview Limited,5800,"Part Ground Floor & Basement, 3 Clare Road, Halifax, HX1 2HX",01-01-2013,
Mosonic Ltd,1025,"Unit 6 Clifby Works, Sandbeds Road, Pellon, Halifax              HX2 0QQ",05-12-2012,
Calderdale Mbc,3250,"19 Towngate, Sowerby, Sowerby Bridge, HX6 1HT",01-07-2014,
Halifax Opportunities Trust,1875,"Office 33 First Floor, The E W Innovation Centre, Hopwood Lane, Halifax              HX1 5ER",01-03-2014,
,1775,"Unit 17, Phoebe Lane Industrial Est., Phoebe Lane, Halifax              HX3 9EX",09-05-2014,
Bizspace Ltd,6300,"Unit 5A, Calderdale Business Park, Club Lane, Halifax              HX2 8AX",01-07-2014,
,1375,"Unit 1 Windsor Works, Victoria Road, Hebden Bridge, HX7 8JX",01-08-2014,
Westfield Properties,2350,"Unit 1, Calder Workshops, Gibbet Street, Halifax             HX1 4JQ",01-08-2014,
Dacres Commercial,24750,"32/34 Commercial Street, Brighouse, HD6 1AQ",11-08-2014,
,10750,"Hillside Garage, Bramston Street, Brighouse, HD6 3AA",14-08-2014,
Innside Leisure Ltd,27000,"The Last Drop, 22/26 Bull Green, Halifax, HX1 5AB",14-07-2014,
Mobile Broadband Network Ltd,2800,"T Mobile  (53337), Toothill Lane, Brighouse, HD6 3SF",31-07-2008,
Grafters Fencing Ltd,4800,"Concrete Pumping, Unit 2 Stansfield House, Shay Lane, Halifax              HX2 9AD",01-08-2014,
Warmco Space Heating Ltd,3050,"Unit 3C Wilkin Royd Mills, Mill Lane, Brighouse, HD6 1PN",01-01-2014,
Energy Controls Ltd,17750,"Marshall Hall Mills, Elland Lane, Elland, HX5 9DU",02-08-2014,
,113000,"Salvation, Barum Top, Halifax, HX1 1NL",08-08-2014,
Bower & Child Ltd (1985) Retirement & Death Benefit Scheme,2275,"Rooms 3 & 4, 37 Bethel Street, Brighouse, HD6 1JR",27-07-2013,
,1975,"Unit 3, Fairlea Mill, Ellen Holme Lane, Luddendenfoot       HX2 6EP",01-08-2013,
Millcraft Associates,1050,"Unit 4 Hebble End Mill, Hebble End, Hebden Bridge, HX7 6HG",01-07-2014,
Halifax Opportunities Trust,1425,"Office 41 First Floor, The E W Innovation Centre, Hopwood Lane, Halifax              HX1 5ER",01-06-2014,
Ricci's Tapas & Chicchetti Ltd,4200,"Office Suite E 144, Dean Clough Mills, Halifax, HX3 5AX",20-12-2013,
Dean Clough Foundation,3800,"Office Suite D140, Dean Clough Mills, Halifax, HX3 5AX",09-02-2014,
The Good Company (Yorkshire) Ltd,2750,"Unit 5, No 2 Warehouse, The Wharf, Sowerby Bridge, HX6 2AG",01-05-2014,
,6000,"Part First Floor, 25B Union Street, Halifax, HX1 1PR",27-06-2014,
Fitness 4 Ladies,5500,"Unit 3, No 2 Warehouse, The Wharf, Sowerby Bridge, HX6 2AG",01-10-2013,
,890,"Unit 13 Middle Floor, Quality Works, Rochdale Road, Todmorden           OL14 7NA",01-12-2013,
,1400,"Unit 14 Middle Floor, Quality Works, Rochdale Road, Todmorden           OL14 7NA",01-12-2013,
,3950,"Unit 2 Clifby Works, Sandbeds Road, Pellon, Halifax              HX2 0QQ",16-06-2014,
Jmv Contracts Ltd,2750,"Unit 3 The Mill, Laura Street, Brighouse, HD6 1JD",01-04-2014,
H & C Whitehead Ltd,77000,"Prospect Works, Bradford Road, Bailiff Bridge, Brighouse            HD6 4DJ",12-05-2014,
,1150,"Basement Floor, 182 Rochdale Road, Greetland, Halifax              HX4 8JE",04-03-2014,
,2600,"The Orange Tree, 5 Cross Street, Halifax, HX1 1XB",04-03-2014,
Inns & Leisure Ltd,6250,"Shannon & Chesapeake Inn, 257 Halifax Road, Todmorden, OL14 5RX",16-07-2014,
Covea Insurance Plc,78000,"Office Suite F2 East, F Mill Dean Clough Mills, Dean Clough Office Park, Halifax              HX3 5AX",01-04-2014,
Covea Insurance Plc,125000,"Office Suite F3 West F Mill, Dean Clough Mills, Halifax, HX3 5AX",01-04-2014,
Joe Dean & Sons (Haulage)Ltd,17750,"Branch Road, Barkisland, Halifax, HX4 8NU",01-07-2014,
Craggs Country Business Park Llp,1075,"Suite 3 Craggs Country B/Pk, New Road, Cragg Vale, Hebden Bridge        HX7 5TT",01-06-2014,
,1950,"Suite 6 Craggs Country B/Pk, New Road, Cragg Vale, Hebden Bridge        HX7 5TT",01-06-2014,
,1450,"Unit 16 Middle Floor, Old Fire Station, Rochdale Road, Todmorden           OL14 7NA",01-12-2013,
,1125,"Unit 17 Middle Floor, Old Fire Station, Rochdale Road, Todmorden           OL14 7NA",01-12-2013,
,550,"Unit 18 Middle Floor, Old Fire Station, Rochdale Road, Todmorden           OL14 7NA",01-01-2014,
Firedragon Games Llp,1450,"Unit 19 Middle Floor, Old Fire Station, Rochdale Road, Todmorden           OL14 7NA",01-01-2014,
Tesco Personal Finance Ltd,16500,"Atm Site At Tesco Express, Keighley Road, Halifax, HX2 8BA",01-04-2010,
,2550,"73 Stainland Road, Greetland, Halifax, HX4 8BD",01-07-2014,
Sia Fibral Ltd,417500,"Ellistones Lane, Greetland, Halifax, HX4 8NH",01-04-2012,
Aquamat Ltd,6800,"Unit 1, Ellistones Lane, Greetland, Halifax              HX4 8NH",01-04-2012,
Ernest Wilson & Co,8900,"Oldham Road, Ripponden, Sowerby Bridge, HX6 4EB",16-08-2014,
Intelligent Storage W G C Ltd,2325,"Unit 6A, Calderdale Business Park, Club Lane, Halifax              HX2 8AX",22-07-2014,
Intelligent Storage W G C Ltd,5200,"Unit 16K, Calderdale Buslness Park, Club Lane, Halifax              HX2 8AX",22-07-2014,
Intelligent Storage W G C Ltd,2750,"Unit 8G, Calderdale Business Park, Club Lane, Halifax              HX2 8AX",22-07-2014,
Intelligent Storage W G C Ltd,3100,"Unit 8C, Calderdale Business Park, Club Lane, Halifax              HX2 8AX",22-07-2014,
Bizspace Ltd,20250,"Unit 18, Calderdale Business Park, Club Lane, Halifax              HX2 8AX",29-07-2014,
,97,"Storeroom 11 Market Hall, Brook Street, Todmorden, OL14 5AJ",05-06-2014,
,80000,"Old Gate Bar & Restaurant, 1-5 West End, Hebden Bridge, HX7 8JP",01-10-2012,
A.D.D Express Ltd,101000,"Unit H3 Premier Way, Lowfields Business Park, Elland, HX5 9HF",29-07-2014,
Mobile Broadband Network Ltd,7900,"Telecomms Mast, Site Ref Wyk 2039, Lindley Moor Road, Huddersfield         HD3 3TE",25-02-2014,
Grafters Fencing Ltd,5000,"West Yorks Pop Maintenance, Unit 2 Stansfield House, Shay Lane, Halifax              HX2 9AD",01-08-2014,
Grafters Fencing Ltd,6000,"Greystone Industr'L Flooring, Unit 2 Stansfield House, Shay Lane, Halifax              HX2 9AD",01-08-2014,
Warmco Space Heating Ltd,177,"Unit 301 3RD Flr South Side, Exchange Mill, Saddleworth Road, Elland               HX5 0RY",06-07-2013,
,2000,"Room 1 At, 37 Bethel Street, Brighouse, HD6 1JR",01-04-2012,
,1375,"Room 2 At, 37 Bethel Street, Brighouse, HD6 1JR",01-04-2012,
G Property,3450,"1 Church Lane, Brighouse, HD6 1AT",10-08-2014,
Exors Of Mr Jnp Crossley,6300,"Unit 1A Lower Ground Floor, Lower Ladyship Mills, Old Lane, Halifax              HX3 5QN",14-05-2014,
Cardelium Ltd,2350,"97a Ovenden Road, Ovenden, Halifax, HX3 5RQ",27-06-2014,
Woodfield Enterprises Ltd,9300,"Town Hall (Rear Entrance), 16 Market Street, Brighouse, HD6 1AP",05-11-2012,
,9200,"Crow Bottom, Gas Works Lane, Elland, HX5 9HJ",10-04-2014,
Collectaworld Ltd,36000,"Basement & Ground Floor, 15-17 Crown Street, Halifax, HX1 1TT",23-11-2013,
,2600,"Unit 8A Eastfield Mills, Belmont Street, Halifax, HX3 6AT",01-04-2014,
,3350,"Unit 8, Eastfield Mills, Belmont Street, Halifax             HX3 6AT",01-04-2014,
,14750,"25 Harrison Road, Halifax, HX1 2AF",18-08-2014,
A1 Carpet Whipping Ltd,13250,"Unit 1 Copperas Works, Dewsbury Road, Elland, HX5 9JU",28-08-2014,
Brogan Business Parks Ltd,5700,"Units B8 & B10, Tenterfields Business Park, Luddendenfoot, Halifax             HX2 6EQ",01-09-2014,
,6900,"Unit R4, Tenterfields Business Park, Luddendenfoot, Halifax             HX2 6EQ",01-09-2014,
Mosonic Ltd,1775,"Lwr Gf Clifby Works, Sandbeds Road, Pellon, Halifax              HX2 0QQ",21-05-2013,
Royal & Sun Alliance,397500,"4TH - 6TH Flrs, Bowling Dyke Mill, Dean Clough Industrial Park, Halifax              HX3 5AX",01-07-2014,
Royal & Sun Alliance,270000,"1ST & 2ND Flr, Bowling Dyke Mill, Dean Clough Industrial Park, Halifax              HX3 5AX",01-07-2014,
Dean Clough Ltd,139000,"3RD Flr, Bowling Dyke Mill, Dean Clough Industrial Park, Halifax              HX3 5AX",01-07-2014,
Dean Clough Ltd,17500,"Ground Flr, Bowling Dyke Mill, Dean Clough Industrial Park, Halifax              HX3 5AX",01-07-2014,
Ormandy Ltd,89500,"Atlas Works, Gibbet Street, Halifax, HX1 4DB",01-04-2010,
Funtime Incorporated Ltd,23000,"Basement (The Tube), Southgate House, Wards End, Halifax              HX1 1DE",15-03-2014,
Halco Rock Tools Ltd,197000,"Central Warehouse, Armytage Road, Brighouse, HD6 1RD",01-06-2013,
Sar Foods (Uk) Ltd,8500,"24-26 Town Hall Street, Sowerby Bridge, HX6 2EA",15-05-2014,
Calderdale Mbc Markets Manager,1375,"Stall 24 Market Hall, Brook Street, Todmorden, OL14 5AJ",01-07-2014,
Tosca North East Ltd,26000,"3/5/7 Wellington Arcade, Briggate, Brighouse, HD6 1DN",01-08-2014,
Striped Shark Ltd,2500,"Unit 8C, Topland Country Business Pk, Burnley Road, Mytholmroyd          HX7 5RU",01-03-2014,
,2500,"Unit J, Royd Mills Business Park, Dyehouse Lane, Brighouse           HD6 1LL",01-04-2013,
,2550,"1 & 5 Martin House, Martin Street, Brighouse, HD6 1DA",30-08-2014,
Turning Point Counselling Service,3200,"First Floor 1& 3, 16 Church Lane, Brighouse, HD6 1AT",01-09-2014,
Turning Point Counselling Service,1500,"First Floor 2, 16 Church Lane, Brighouse, HD6 1AT",01-09-2014,
Turning Point Counselling Service,1725,"First Floor 4, 16 Church Lane, Brighouse, HD6 1AT",01-09-2014,
,550,"Junction Of, Queens Road & Parkinson Lane, Halifax, HX1 3XY",01-05-2014,
High Profile Technologies Ltd,13500,"Unit 22, Ripponden Business Park, Oldham Road, Ripponden            HX6 4FF",26-06-2014,
Halifax Autocars Ltd,2750,"Unit 4 Halifax Autocars, Shay Lane, Halifax, HX3 6QU",01-08-2014,
,6700,"Part First Floor, 25B Union Street, Halifax, HX1 1PR",27-06-2014,
West Vale Mini Market Ltd,7500,"51/53 Stainland Road, Greetland, Halifax, HX4 8BD",09-12-2013,
,18000,"Units 2,3 & 9, 32 Huddersfield Road, Brighouse, HD6 1HA",01-08-2014,
,4750,"Unit 5, Lee Bridge Industrial Estate, Lee Bridge, Halifax             HX3 5AT",01-04-2014,
,8000,"Land Adj. Hartsoil House, Highmoor Lane, Cleckheaton, BD19 6LL",01-09-2014,
,2225,"6 Elland Road, Ripponden, Sowerby Bridge, HX6 4DB",01-04-2012,
Heathleigh Ltd,10750,"UNIT19 Woodman Works, South Lane, Elland, HX5 0PA",01-07-2014,
,12000,"Black Bull Hotel, 46 Briggate, Brighouse, HD6 1EA",22-11-2013,
,1675,"8 West End Terrace, Mytholmroyd, Hebden Bridge, HX7 5DW",22-07-2014,
,15250,"238B Queens Road, Halifax, HX1 3NS",25-08-2014,
,32000,"1 Bridge Gate, Hebden Bridge, HX7 8EX",12-08-2014,
Mosonic Ltd,1650,"Unit 4 Clifby Works, Sandbeds Road, Pellon, Halifax              HX2 0QQ",10-06-2013,
Richard Coupe Ltd,2150,"Unit 1 Hope Mill, Crescent Street, Todmorden, OL14 5HA",01-06-2014,
Richard Coupe Ltd,2125,"Hope Mills, Dalton Street, Todmorden, OL14 5HJ",01-06-2014,
,4550,"Market Stalls 15 & 16, Market Hall, Borough Market, Halifax             HX1 1DZ",21-07-2014,
Halifax Opportunities Trust,4200,"Hebden Vale Childrens Centre, Stubbing Holme, Hebden Bridge, HX7 6LQ",01-07-2014,
Bizspace Ltd,1625,"The Gatehouse, Unit 22, Calderdale Business Park, Club Lane, Halifax              HX2 8AX",01-04-2014,
,3000,"Unit 1a Mill Fold Way, Elland Road, Ripponden, Sowerby Bridge      HX6 4HS",01-04-2014,
Units To Let [Northern] Ltd,1750,"Unit 6 Mearclough Works, Mearclough Road, Sowerby Bridge, HX6 3LF",01-04-2014,
Jim Pax Uk Packaging Ltd,12250,"Unit 5 Shay Lane Works, Shay Lane, Halifax, HX3 6SF",15-08-2014,
Jim Pax Uk Packaging Ltd,5200,"Shay Lane Works, Shay Lane, Halifax, HX3 6SF",15-08-2014,
,4050,"Unit 4 Beehive Mills, Hebble End, Hebden Bridge, HX7 6HJ",14-06-2014,
Kew Green Holdings Ltd,260000,"Holiday Inn, Coalpit Lane, Clifton, Brighouse            HD6 4HW",01-09-2014,
,4850,"Units At, 32 Charles Street, Elland, HX5 0NF",01-04-2014,
North Halifax Partnership Ltd,13750,"Illingworth Community, Childrens Centre, Occupation Lane, Halifax              HX2 9AL",01-07-2014,
North Halifax Partnership Ltd,10500,"Cousin Lane, Halifax, HX2 0DQ",01-07-2014,
North Halifax Partnership Ltd,28500,"Childrens Centre, Field Lane J & I School, Burnsall Road, Rastrick             HD6 3JT",01-07-2014,
North Halifax Partnership Ltd,29500,"Elland Childrens Centre, Boxhall Road, Elland, HX5 0BB",01-07-2014,
North Halifax Partnership Ltd,10000,"The Vicarage, 1 Sunny Bank Road, Mixenden, Halifax              HX2 8RX",01-07-2014,
North Halifax Partnership Ltd,18750,"Wellholme Park, Childrens Centre, Bradford Road, Brighouse            HD6 4AF",01-07-2014,
North Halifax Partnership Ltd,1900,"Sure Start Childrens Centre, Mobile Building 1, Mixenden Road, Mixenden",01-07-2014,
Walker Properties Ltd,11000,"Unit 4, The Market Business Centre, Hanson Lane, Halifax              HX1 5PF",01-09-2014,
Enterprise Inns Plc,37000,"Rock Inn, Holywell Green, Halifax, HX4 9BS",04-09-2014,
Brisue Ltd,10250,"Golden Lion Hotel, Fielden Square, Todmorden, OL14 6LZ",01-09-2014,
Pickles Architects,7200,"Ground Floor, 16 Church Lane, Brighouse, HD6 1AT",01-09-2014,
,4800,"Office 16/17 The Spire, Leeds Road, Halifax, HX3 8NU",02-06-2014,
,4600,"18f Lydgate, Northowram, Halifax, HX3 7EJ",13-06-2013,
,2475,"563 Gibbet Street, Halifax, HX2 0AL",05-04-2012,
Canteen Smithy & Engineering Ltd,3650,"Studio Unit 2, Crow Carr Ings Mill, Vale Street, Todmorden           OL14 5HG",05-04-2014,
,2650,"45 Cote Hill, Burnley Road, Halifax, HX2 7LZ",01-09-2013,
,2750,"7 West Street, Sowerby Bridge, HX6 3AP",02-08-2013,
,1700,"2 Whitehall Street, Hipperholme, Halifax, HX3 8NB",01-06-2014,
,5300,"9 Halifax Road, Todmorden, OL14 5AG",19-02-2013,
,10250,"1st & 2nd Floors, 24/26 Silver Street, Halifax, HX1 1HS",09-08-2014,
,7600,"1 Barum Top, Halifax, HX1 1NL",06-05-2013,
Heathleigh Ltd,3450,"Unit B Woodman Works, South Lane, Elland, HX5 0PA",02-08-2014,
,7600,"Unit 4, Hawksclough Industrial Est., Burnley Road, Mytholmroyd          HX7 5AD",02-08-2014,
,3100,"19 Burnley Road, Todmorden, OL14 7BU",01-08-2013,
Dean Field Community Primary School,44250,"Dean Field Comm Primary Sch, Cousin Lane, Halifax, HX2 8DQ",01-04-2011,
Myford Ltd,5000,"2 Richmond House, Caldene Business Park, Burnley Road, Mytholmroyd          HX7 5QJ",01-11-2012,
,3250,"Unit 7/8, Queens Road Mills, Gibbet Street, Halifax             HX1 4JX",01-09-2014,
,3550,"Unit 9 (Ground Floor), Queens Road Mills, Gibbet Street, Halifax             HX1 4JX",01-09-2014,
,2425,"Unit 9 (1st Floor), Queens Road Mills, Gibbet Street, Halifax             HX1 4JX",01-09-2014,
,10750,"34 Bull Green, Halifax, HX1 5AB",01-09-2014,
,1500,"Unit 9 (2nd Floor), Queens Road Mills, Gibbet Street, Halifax             HX1 4JX",01-09-2014,
,14250,"Units 10,10a &11, Queens Road Mills, Gibbet Street, Halifax             HX1 4JX",01-09-2014,
Kino & Co,830,"Office H M 2.9, Holmfield Mills, Holdsworth Road, Halifax              HX3 6SN",01-04-2014,
Tesco Personal Finance Ltd,16500,"Atm Site At Tesco, Haugh Shaw Road, Halifax, HX1 3TU",01-04-2010,
Adhan Property Consultants Ltd,2950,"Unit 2, Salford Industrial Estate, Salford, Todmorden           OL14 7LF",01-04-2014,
,3900,"4/8 Bridge End, Brighouse, HD6 3DH",01-04-2014,
Tesco Personal Finance Ltd,11250,"Atm Site At Tesco, Sowerby Street, Sowerby Bridge, HX6 3AT",01-04-2010,
,14500,"8 Commercial Street, Halifax, HX1 1TA",10-07-2014,
Warmco Space Heating Ltd,1275,"Unit 4A Grd Floor North Side, Exchange Mill, Saddleworth Road, Elland               HX5 0RY",01-04-2014,
Warmco Space Heating Ltd,1225,"Unit 105, Wilkin Royd Mills, Mill Lane, Brighouse            HD6 1PN",01-04-2014,
,1500,"Unit 6, Fairlea Mill, Ellen Holme Lane, Luddendenfoot       HX2 6EP",01-04-2014,
Viewstone Ltd,1350,"Office 4, James Street Mills, South Lane, Elland               HX5 0HB",01-04-2014,
Bizspace Ltd,1950,"Unit 6G, Calderdale Business Park, Club Lane, Halifax              HX2 8DB",01-04-2014,
Viney Becks (Todmorden) Ltd,5000,"8 Rochdale Road, Todmorden, OL14 5AA",01-04-2014,
,2900,"216 Queens Road, Halifax, HX1 4NE",09-06-2014,
,2850,"10 West Street, Sowerby Bridge, HX6 3AN",13-01-2014,
Wood & Wire Made Ltd,7600,"Unit B Rear, Adj Windsor Works, Victoria Road, Hebden Bridge        HX7 8JX",01-07-2014,
Blackshaw Holdings Ltd,3300,"Cooper House, Cooper Lane, Shelf, Halifax              HX3 7RJ",13-03-2014,
,1650,"Unit 2 Owenshaw Mill, Old Cawsey, Sowerby Bridge, HX6 2AJ",02-06-2014,
Mosonic Ltd,4850,"Clifby Works, Sandbeds Road, Pellon, Halifax              HX2 0QQ",01-07-2013,
Mosonic Ltd,2500,"Unit 5A Clifby Works, Sandbeds Road, Pellon, Halifax              HX2 0QQ",01-07-2013,
Mosonic Ltd,2500,"Unit 5B Clifby Works, Sandbeds Road, Pellon, Halifax              HX2 0QQ",01-07-2013,
Tesco Personal Finance Ltd,11250,"Atm Site At Tesco, 25 Westgate House, Market Street, Halifax              HX1 1PD",01-04-2010,
,4900,"67 Hanson Lane, Halifax, HX1 5NX",01-09-2014,
Tdp Development Ltd,18000,"Office Suite D159, Dean Clough, Halifax, HX3 5AX",19-02-2014,
Calderdale Mbc,5800,"15 The Market Arcade, Halifax, HX1 1NX",21-06-2014,
J K Leisure Ltd,7200,"Unit 1C, Topland Country Bus Pk, Cragg Road, Hebden Bridge        HX7 5RU",01-07-2014,
Dean Clough Ltd,11500,"Crib Lane Level 3 Bottom, Dean Clough Mils, Halifax, HX3 5AX",24-12-2012,
Dean Clough Ltd,24500,"Car Pk-Crib LA.LEVEL2 Middle, Dean Clough Mills, Halifax, HX3 5AX",24-12-2012,
,2850,"Unit 4, Hillas Industrial Estate, Walker Lane, Sowerby Bridge      HX6 2AR",28-07-2014,
,5300,"Unit 2 Brook Mills, Saddleworth Road, Greetland, Halifax              HX4 8LZ",01-07-2014,
Kgs Recruitment Service Ltd,2225,"Suite 5 Clifton House, Bradford Road, Bailiff Bridge, Brighouse            HD6 4EJ",05-01-2014,
Queensbury Van Hire Ltd,2250,"New Delight Works, Boothtown Road, Halifax, HX3 6TU",01-03-2014,
Brigantia Ltd,3450,"Unit 11 Windsor Works, Victoria Road, Hebden Bridge, HX7 8JX",01-09-2014,
Prestige Aluminium & Glazing Ltd,10250,"Unit 5(1)&5(11) The Old Mill, Wellington Mills, Quebec Street, Elland               HX5 9AS",01-07-2014,
Royds Properties Ltd,8300,"Unit 5, Brookfield Works, Quebec Street, Elland               HX5 9AP",15-07-2014,
,4400,"64 Southgate, Elland, HX5 0PS",07-04-2014,
Made In The Valley Ltd,7600,"Unit A Front, Adj Windsor Works, Victoria Road, Hebden Bridge        HX7 8JX",01-07-2014,
,2550,"233 Queens Road, Halifax, HX1 4NJ",12-09-2014,
,4600,"Unit 55 Bowers Mill, Branch Road, Barkisland, Halifax             HX4 0AD",04-09-2014,
,3000,"Unit 18, Calder Workshops, Gibbet Street, Halifax             HX1 4JQ",06-09-2012,
,3150,"61 Bradford Road, Brighouse, HD6 1RS",01-07-2014,
One Stop Stores Ltd,20750,"2 Granny Hall Lane, Brighouse, HD6 2JG",01-04-2010,
Tesco Personal Finance Ltd,8300,"Atm At, 2 Granny Hall Lane, Brighouse, HD6 2JG",01-04-2010,
Coal Pension Properties Ltd,76000,"3 Woolshops, Halifax, HX1 1RU",26-06-2014,
,7700,"Rear Part Unit H, Craven Edge Enterprise Cntr, Hopwood Lane, Halifax              HX1 5JH",01-08-2014,
Global Commercial Investments Ltd,3500,"Front Part Rear Unit H, Craven Edge Ent Centre, Hopwood Lane, Halifax              HX1 5JH",01-08-2014,
Global Commercial Investments Ltd,3400,"Front Part Unit H, Craven Edge Ent Centre, Hopwood Lane, Halifax              HX1 5JH",01-08-2014,
,3400,"Part Gf Slitheroe Works, Oldham Road, Rishworth, Sowerby Bridge       HX6 4EW",01-04-2013,
Robins Butchers Ltd,6800,"Pt Gd Pt 1ST Slitheroe Works, Oldham Road, Rishworth, Sowerby Bridge       HX6 4EW",28-08-2013,
Destination Sport & Entertainment Ltd,4200,"Unit 10 Victoria Works, The Boathouse, Wharf Street, Brighouse            HD6 1PP",01-05-2014,
,2950,"Unit 36, Phoebe Lane Industrial Est., Phoebe Lane, Halifax              HX3 9EX",01-06-2014,
Mey-Tech Ltd,140000,"Armytage House, Armytage Road, Brighouse, HD6 1QF",07-07-2014,
,1875,"6 Burnley Road, Mytholmroyd, Hebden Bridge, HX7 5LH",01-04-2014,
,2500,"29 Highroad Well Lane, Halifax, HX2 0LY",01-04-2014,
Westfield Properties,1000,"27 Burnley Road, Mytholmroyd, Hebden Bridge, HX7 5PD",01-04-2014,
,2100,"Office 4, Church View Office Centre, Elland Road, Ripponden            HX6 4DB",01-03-2014,
Gorgemead Ltd,34000,"118 Savile Park Road, Halifax, HX1 2ES",01-09-2014,
Warmco Space Heating Ltd,3000,"Unit 2 Grd Floor South Side, Exchange Mill, Saddleworth Road, Elland               HX5 0RY",01-04-2014,
,42750,"Unit G7 Navigation Close, Lowfields Business Park, Elland, HX5 9HB",07-09-2014,
Benjamin Whiteley & Sons Ltd,32250,"Unit 2 Park Road Mills, Park Road, Halifax, HX5 9HX",06-09-2014,
Benjamin Whiteley & Sons Ltd,40250,"Unit 1 Park Road Mills, Park Road, Halifax, HX5 9HX",06-09-2014,
,7500,"Clarence Brass Works, Aked's Road, Halifax, HX1 2TR",12-09-2014,
,5000,"Unit 13, Asquith Bottom Mills, Ridge Street, Sowerby Bridge       HX6 3BS",01-09-2014,
,2700,"Unit 14A, Asquith Bottom Works, Ridge Street, Sowerby Bridge       HX6 3BS",01-01-2012,
,2100,"Redacre, Red Acre Lane, Mytholmroyd, Hebden Bridge        HX7 5DQ",05-04-2014,
Shirt No Tie (Pub Co) Ltd,5000,"Sportsman Hotel, 50 Crown Street, Halifax, HX1 1JB",06-09-2014,
,3100,"Unit G3, Tenterfields Business Park, Burnley Road, Luddendenfoot        HX2 6EQ",01-07-2014,
La Romantica Beds Ltd,7200,"Unit 10/10A Brunswick Works, Brassey Street, Halifax, HX1 2EA",04-06-2014,
,3350,"230 Ovenden Way, Ovenden, Halifax, HX3 5NU",12-09-2014,
Speak Property Ltd,890,"Unit 3, Nanholme Workshops, Halifax Road, Todmorden           OL14 6DA",01-06-2014,
Speak Property Ltd,1800,"Unit 1, Nanholme Workshops, Halifax Road, Todmorden           OL14 6DA",01-06-2014,
Legal And General Assurance (Pensions Management) Ltd,92000,"1ST Floor Elant House, Unit A3 Old Power Way, Lowfields Business Park, Elland               HX5 9DE",15-09-2014,
Threadneedle Uk Property Trust,500000,"Unit J6 Lowfields Way, Lowfields Business Park, Elland, HX5 9DA",04-09-2014,
Virtex Marketing Ltd,9500,"Kershaw House, Luddenden Lane, Luddendenfoot, Halifax             HX2 6NW",01-04-2014,
Younger Homes (Northern) Ltd,2350,"Stand Lane, Brookfoot, Brighouse, HD6 2RG",16-06-2014,
Tia Greyhound & Lurcher Rescue,7600,"26 Halifax Road, Todmorden, OL14 5QG",01-12-2012,
Kino & Co,2450,"Office 3.6 & 3.9, 1ST Floor, White Rose Mill, Holdsworth Road, Halifax              HX3 6SN",02-08-2013,
,4200,"Elizabeth Street, Elland, HX5 0JH",01-09-2014,
,9500,"Second Floor, 18 Silver Street, Halifax, HX1 1HS",25-06-2014,
,9500,"First Floor, 18 Silver Street, Halifax, HX1 1HS",25-06-2014,
,3800,"Part 1ST Floor, 5 Clare Road, Halifax, HX1 2HX",08-07-2014,
Castledene Yorkshire Ltd,1950,"21 Roils Head Road, Halifax, HX2 0NQ",01-06-2014,
Ryburn Valley High School,540000,"Ryburn Valley High School, St Peter's Avenue, Sowerby Bridge, HX6 1DF",01-09-2014,
,27500,"Hough Mills, Bradford Road, Halifax, HX3 7BN",01-09-2014,
,9400,"106 Commercial Street, Brighouse, HD6 1AQ",01-08-2014,
,2900,"121 Halifax Road, Todmorden, OL14 5BE",01-04-2014,
,8100,"Unit 1 Southedge Works, Brighouse Road, Hipperholme, Halifax              HX3 8EF",01-04-2010,
,5000,"Unit 2 Southedge Works, Brighouse Road, Hipperholme, Halifax              HX3 8EF",01-04-2010,
,3100,"Unit 4 Southedge Works, Brighouse Road, Hipperholme, Halifax              HX3 8EF",01-04-2010,
,3750,"Unit 3 Southedge Works, Brighouse Road, Hipperholme, Halifax              HX3 8EF",01-08-2011,
,2150,"3 Battinson Road, Halifax, HX1 5PR",01-06-2014,
Associated Stone Masonry Ltd,5600,"Fossil Stone, Brookfoot Lane, Brighouse, HD6 2RA",01-06-2014,
,8900,"Southedge Works, Brighouse Road, Hipperholme, Halifax              HX3 8EF",30-01-2013,
McBrides Pub Company Ltd,7100,"Perry's Cafe Bar, 66 Rochdale Road, Halifax, HX2 7HB",10-12-2013,
,1075,"Unit 24, S D H Industrial Estate, West Street, Sowerby Bridge       HX6 3BT",01-04-2014,
Polyframe Trade Ltd,52000,"The Maltings, Halifax Road, Elland, HX5 0SH",18-08-2014,
Kino & Co,1975,"Unit 10 White Rose Mill, Holdsworth Road, Holmfield, Halifax              HX3 6SN",30-07-2014,
Redtronic Ltd,7600,"Unit 4, Wellington Business Centre, Quebec Street, Elland               HX4 9AS",01-06-2014,
,3250,"Shay Lane Cafe, 213 Shay Lane, Halifax, HX2 9AD",01-07-2014,
,7200,"101 Wakefield Road, Lightcliffe, Halifax, HX3 8SH",01-08-2014,
,3800,"224 Queens Road, Halifax, HX1 4NE",01-08-2013,
,1900,"Office 20, 11 Owler Ings Road, Brighouse, HD6 1EJ",01-12-2013,
,4600,"Unit 12 Washer Lane Works, Washer Lane, Halifax, HX2 7DX",16-06-2014,
,4950,"229 Bradford Road, Brighouse, HD6 4BN",14-04-2014,
,1525,"Unit C2, Tenterfields Business Park, Luddendenfoot, Halifax             HX2 6EQ",02-03-2013,
,2475,"3 Bridge Street, Todmorden, OL14 5AQ",17-04-2014,
HX2 Maintenance Services Ltd,5800,"30 Clare Road, Halifax, HX1 2HX",19-03-2014,
,2700,"Unit 14B, Asquith Bottom Works, Ridge Street, Sowerby Bridge       HX6 3BS",01-09-2014,
Tayfield Investing Ltd,29250,"Sandholme Mills, Commercial Street, Todmorden, OL14 5RG",20-09-2014,
Tayfield Investing Ltd,6400,"Stores Adj, Sandholme Mills, Commercial Street, Todmorden           OL14 5RG",20-09-2014,
Performance Glass Processing  Ltd,7100,"Unit 5, Halifax Industrial Centre, Marshway, Halifax             HX1 5RW",16-09-2014,
Tayfield Investing Ltd,700,"Car Park Adj Sandholme, Sawmill,  Key Sike Lane, Todmorden, OL14 5RF",20-09-2014,
,2475,"259/261 Shay Lane, Halifax, HX2 9AG",01-02-2013,
One Stop Stores Ltd,32250,"7/9 & 11 Bridge Street, Todmorden, OL14 5AQ",01-04-2010,
Tesco Personal Finance Ltd,11250,"Atm At, 7/9 & 11 Bridge Street, Todmorden, OL14 5AQ",01-04-2010,
Units To Let [Northern] Ltd,510,"Unit 31 First Floor, Asquith Bottom Works, Water Street, Sowerby Bridge       HX6 3BS",01-11-2013,
2 Degree Field Ltd,2700,"276 Huddersfield Road, Halifax, HX3 0PF",01-11-2013,
,2325,"Ground Floor Rear, 355 Halifax Road, Todmorden, OL14 5SR",01-04-2014,
,2500,"Ground Floor Front, 355 Halifax Road, Todmorden, OL14 5SR",01-04-2014,
Ths Industrial Textiles Ltd,16750,"Workshop, Heathfield Business Park, Heathfield Street, Elland               HX5 9AU",15-09-2014,
Berford Properties Ltd,30250,"Unit C, Ainleys Industrial Estate, Huddersfield Road, Elland               HX5 9JP",02-09-2014,
,28250,"1 Shelf Mills, Wade House Road, Shelf, Halifax              HX3 7BJ",01-07-2014,
,2175,"5 Sandhall Lane, Highroadwell, Halifax, HX2 0DJ",31-10-2013,
,4350,"27a Boothtown Road, Halifax, HX3 6EU",01-04-2013,
,2400,"178 Boothtown Road, Halifax, HX3 6TU",05-05-2013,
,4250,"24 King Cross Street, Halifax, HX1 2SH",02-06-2014,
Bizspace Ltd,2750,"Unit 8H, Calderdale Business Park, Club Lane, Halifax              HX2 8AX",01-04-2014,
Brogan Business Parks Ltd,6200,"Unit B2, Tenterfields Business Park, Burnley Road, Luddendenfoot       HX2 6EQ",05-07-2014,
Apm Site Services Ltd,8300,"Unit 8 Heathfield Ind Estate, Heathfield Street, Elland, HX5 9AE",22-08-2014,
Poundworld Retail Limited,120000,"Unit 1 Arcade Royale, Southgate, Halifax, HX1 1DL",30-09-2014,
,1225,"Unit 4 Washer Lane Works, Washer Lane, Halifax, HX2 7DX",01-10-2013,
Craggs Country Business Park Llp,2325,"Suite 5 Craggs Country B/Pk, New Road, Cragg Vale, Hebden Bridge        HX7 5TT",01-08-2014,
Thornber Chicks Ltd,2650,"Unit 1, Topland Country Business Pk, Cragg Road, Mytholmroyd          HX7 5RU",01-07-2014,
Lime Tree Europe Ltd,1450,"Office 39 First Floor, The E W Innovation Centre, Hopwood Lane, Halifax              HX1 5ER",16-06-2014,
,2225,"Office 2, Church Of St John Evangelist, Calder Street, West Vale            HX4 8AQ",19-07-2014,
,5000,"C/O Car Proud, Gaukroger Lane, Halifax, HX1 2DF",01-08-2014,
Engineering Services Partnership Ltd,1200,"Office H M 2.10, Holmfield Mills, Holdsworth Road, Halifax              HX3 6SN",01-06-2014,
Torus Environmental Ltd,2175,"Office H M 2.4, Holmfield Mills, Holdsworth Road, Halifax              HX3 6SN",01-04-2014,
Utilities Covered Ltd,2550,"Office H M 2.1, Holmfield Mills, Holdsworth Road, Halifax              HX3 6SN",01-09-2013,
Cqrity  Ltd (Fao Mike Woodhead),2500,"Office H M 2.2, Holmfield Mills, Holdsworth Road, Halifax              HX3 6SN",01-03-2014,
,630,"Unit 1.07, White Rose Mill, Holdsworth Road, Halifax              HX3 6SN",01-08-2013,
Provision System Build Ltd,54500,"Bay 1, Rosemount Estate, Huddersfield Road, Elland               HX5 0EE",08-09-2014,
,5000,"23 Water Street, Todmorden, OL14 5AB",25-09-2014,
,1575,"Unit 19 Windsor Works, Victoria Road, Hebden Bridge, HX7 8JX",19-06-2013,
D & J Mattock Ltd,6500,"42/44 Market Street, Hebden Bridge, HX7 6AA",30-08-2014,
Rastrick Constitutional Club,4100,"7 Church Street, Brighouse, HD6 3NF",01-09-2014,
Aspire Crafts Ltd,8500,"Second Floor Unit 5, Wellington Mills, Quebec Street, Elland               HX5 9AS",01-09-2014,
Cromwell Industries Ltd,1200,"Office No T04, 1ST Floor Cromwell House, Elland Road, Brighouse            HD6 2RG",01-10-2014,
Calderdale Windows Ltd,1775,"7 New Road, Mytholmroyd, Hebden Bridge, HX7 5DZ",25-06-2014,
,4750,"Unit G2 Tenterfields Bsn Pk, Burnley Road, Luddendenfoot, Halifax              HX2 6EJ",05-07-2014,
Hebden Bridge Community Association,950,"Unit 9 1ST Floor, The Town Hall, St George's Street, Hebden Bridge        HX7 7BY",16-12-2013,
,220,"Storeroom 9 Market Hall, Brook Street, Todmorden, OL14 5AJ",01-12-2012,
Units To Let [Northern] Ltd,1350,"Unit 2 Asquith Bottom Works, Asquith Bottom, Ridge Street, Sowerby Bridge       HX6 3BS",01-04-2014,
K D T Accountancy & Taxation Services Ltd,5700,"20 Cow Green, Halifax, HX1 1HX",14-08-2010,
,1975,"23 Roils Head Road, Halifax, HX2 0NQ",01-04-2014,
Perfect 10 Pub Company Ltd,9400,"Turks Head Inn, Back Wharf Street, Sowerby Bridge, HX6 2AD",14-08-2014,
,3700,"Premier House, Holmes Road, Sowerby Bridge, HX6 3LD",01-04-2014,
E.P.I.C Plc,3500,"9 Market Street, Brighouse, HD6 1AP",06-05-2014,
Limegrove Leisure Ltd,4600,"Unit 4 Ground Floor, 535 Bradford Road, Bailiff Bridge, Brighouse            HD6 4DL",14-08-2013,
,3150,"Unit 5, Fairlea Mill, Ellen Holme Lane, Luddendenfoot       HX2 6EP",29-07-2013,
Perfect P A's Ltd,1175,"Office 7 James Street Mills, South Lane, Elland, HX5 0HB",01-03-2014,
Units To Let ( Northern ) Ltd,1375,"Unit 2A Mearclough Works, Mearclough Road, Sowerby Bridge, HX6 3LF",01-09-2012,
,2850,"202 Queens Road, Halifax, HX1 4NE",01-04-2014,
,3300,"Unit 4, Bandwalk Industrial Estate, Saddleworth Road, Greetland            HX4 8BA",01-02-2013,
Calderdale Mbc Markets Manager,1750,"Stalls 39/40 Market Hall, Brook Street, Todmorden, OL14 5AJ",01-01-2013,
,4650,"Market Stall 55-56, Market Hall, Borough Market, Halifax             HX1 1DZ",01-04-2014,
Calderdale Mbc Markets Manager,2325,"Stall 18 Market Hall, Brook Street, Todmorden, OL14 5AJ",01-11-2012,
Warmco Space Heating Ltd,990,"Unit 13, Kirklees Steelworks, Grove Street, Brighouse            HD6 1PL",31-03-2014,
,3050,"68 Commercial Street, Halifax, HX1 2JE",17-08-2014,
,1850,"19 Carlton Street, Halifax, HX1 2AL",01-07-2014,
,2750,"Unit 1A, Nr Elizabeth House, Shroggs Road, Halifax              HX3 5HA",01-12-2013,
,1800,"Unit 5, Lineholme Industrial Estate, Burnley Road, Todmorden           OL14 7DH",25-10-2013,
,2075,"48 Parkinson Lane, Halifax, HX1 3XL",12-10-2013,
,2125,"Unit 4, Lineholme Industrial Estate, Burnley Road, Todmorden           OL14 7DH",01-01-2014,
Polyframe Trade Ltd,2650,"Adj Lockwoods Carpets, Halifax Road, Elland, HX5 0SH",18-08-2014,
,,,,
