Practice No,Practice Name,Address1,Address2,Address3,Postcode,LCG,Registered Patients
1,Dr. IRWIN & PARTNERS                ,HARLAND MEDICAL PRACTICE,WESTMINSTER AVENUE,BELFAST,BT4 1NS,Belfast,6859
3,Dr. MCCUTCHEON & PARTNERS           ,HOLYWOOD ARCHES HEALTH CENTRE,WESTMINSTER AVE,BELFAST,BT4 1NS,Belfast,7156
5,Dr. MCBRIEN                         ,CASTLE MEDICAL CENTRE,35-45 CASTLEREAGH ROAD,BELFAST,BT5 5FB,Belfast,1452
6,Dr. SHARKEY & PARTNERS              ,CARRYDUFF SURGERY,HILLSBOROUGH ROAD,CARRYDUFF BELFAST,BT8 8HR,Belfast,10877
10,Dr. WILSON                          ,TEMPLEMORE MEDICAL CENTRE,225 ALBERTBRIDGE ROAD,BELFAST,BT5 4PX,Belfast,2517
13,Dr. COOGAN                          ,TEMPLEMORE MEDICAL CENTRE,225 ALBERTBRIDGE ROAD,BELFAST,BT5 4PX,Belfast,3261
14,Dr. COULTER & PARTNERS              ,KERRSLAND SURGERY,169 UPPER NEWTOWNARDS ROAD,BELFAST,BT4 3HZ,Belfast,7961
15,Dr. MCGARRITY & PARTNERS            ,54 HOLYWOOD ROAD,BELFAST,NULL,BT4 1NT,Belfast,5551
16,Dr. ROSS & PARTNERS                 ,KNOCK MEDICAL CENTRE,423B UPPER NEWTOWNARDS ROAD,BELFAST,BT4 3LH,Belfast,5757
17,Dr. SCOTT & PARTNERS                ,HOLYWOOD ARCHES HEALTH CENTRE,WESTMINSTER AVENUE,BELFAST,BT4 1NS,Belfast,5486
18,Dr. JONES & PARTNERS                ,BRIDGES FAMILY PRACTICE,2-6 BRYSON STREET,BELFAST,BT5 4ES,Belfast,6698
19,Dr. MITCHELL & PARTNERS             ,LINEN COURT SURGERY,336 BEERSBRIDGE ROAD,BELFAST,BT5 5DY,Belfast,3599
20,Dr. KYLE & PARTNERS                 ,LEWIS SQUARE PRACTICE,HOLYWOOD ARCHES HEALTH CENTRE,"WESTMINSTER AVENUE, BELFAST",BT4 1NS,Belfast,4187
24,Dr. MCKEE & PARTNER                 ,THE MOUNT PRACTICE,50 CASTLEREAGH STREET,BELFAST,BT5 4NH,Belfast,2985
28,Dr. GALLAGHER & PARTNERS            ,THE VICTORIA PRACTICE,HOLYWOOD ARCHES HEALTH CENTRE,"WESTMINSTER AVENUE, BELFAST",BT4 1NS,Belfast,3303
29,Dr. SAVAGE & PARTNERS               ,CASTLEREAGH MEDICAL CENTRE,21 BALLYGOWAN ROAD,BELFAST,BT5 7LH,Belfast,4926
30,Dr. STEVENS & PARTNERS              ,EASTSIDE SURGERY,56 TEMPLEMORE AVENUE,BELFAST,BT5 4FT,Belfast,2866
31,Dr. HASLAM & PARTNERS               ,DUNDONALD MEDICAL CENTRE,16 CHURCH ROAD,"DUNDONALD, BELFAST",BT16 2LN,Belfast,7226
32,Dr. WILSON & PARTNERS               ,WILLOWFIELD SURGERY,50/52 CASTLEREAGH ROAD,BELFAST,BT5 5FP,Belfast,3849
33,Dr. RODGERS & PARTNERS              ,222 WOODSTOCK ROAD,BELFAST,NULL,BT6 9DL,Belfast,4558
37,Dr. MONCRIEFF & PARTNERS            ,CHERRYVALLEY HEALTH CENTRE,KINGS SQUARE,BELFAST,BT5 7BP,Belfast,6603
38,Dr. MORRISON & PARTNER              ,CHERRYVALLEY HEALTH CENTRE,KINGS SQUARE,BELFAST,BT5 7BP,Belfast,2013
51,Dr. ROSS & PARTNERS                 ,CORNERSTONE MEDICAL CENTRE,69 SHANKILL ROAD,BELFAST,BT13 1FD,Belfast,2475
52,Dr. SAVAGE & PARTNERS               ,16 MCCANDLESS STREET,CRUMLIN ROAD,BELFAST,BT13 1RU,Belfast,2863
53,Dr. COLGAN                          ,463 FALLS ROAD,BELFAST,NULL,BT12 6DD,Belfast,3117
55,Dr. O'KANE                          ,THE HEALTH CENTRE,94-100 CRUMLIN ROAD,BELFAST,BT14 6AR,Belfast,1208
57,Dr. CAMPBELL & PARTNER              ,"THE MAUREEN SHEEHAN CENTRE, BUILDING 2",106 ALBERT STREET,BELFAST,BT12 4HL,Belfast,5040
58,Dr. FARNAN & PARTNERS               ,THE GROUP SURGERY,257 NORTH QUEEN STREET,BELFAST,BT15 1HS,Belfast,5805
60,Dr. BURNS & PARTNERS                ,165 DUNCAIRN GARDENS,BELFAST,CO ANTRIM,BT15 2GE,Belfast,2903
61,Dr. CROSSIN & PARTNERS              ,THE CARRICK HILL MEDICAL CENTRE,1 CARRICK HILL,BELFAST,BT1 2JR,Belfast,9757
62,Dr. GARDINER                        ,GARDINER FAMILY PRACTICE,CRUMLIN ROAD HEALTH CENTRE,"100 CRUMLIN ROAD, BELFAST",BT14 6AR,Belfast,1319
63,Dr. O'DONNELL & PARTNER             ,WILLOW MEDICAL PRACTICE,155 ANDERSONSTOWN ROAD,BELFAST,BT11 9EA,Belfast,2964
64,Dr. DONAGHY & PARTNERS              ,DUNVILLE HEALTH CENTRE,309 GROSVENOR ROAD,BELFAST,BT12 4LP,Belfast,4255
66,Dr. MCAUGHEY & PARTNERS             ,"GROVE WELLBEING CENTRE, PARKSIDE SURGERY",120 YORK ROAD,BELFAST,BT15 3HF,Belfast,6946
68,Dr. CRAWFORD & PARTNERS             ,136/138 SHANKILL ROAD,BELFAST,NULL,BT13 2BD,Belfast,2583
69,Dr. TAN & PARTNER                   ,FLAX CENTRE,ARDOYNE AVENUE,BELFAST,BT14 7DA,Belfast,3061
70,Dr. SMYTH & PARTNERS                ,BALLYSILLAN GROUP PRACTICE,156-158 BALLYSILLAN ROAD,BELFAST,BT14 7QR,Belfast,5539
71,Dr. LEAVY & PARTNERS                ,463 SPRINGFIELD ROAD,BELFAST,NULL,BT12 7DP,Belfast,6332
72,Dr. AGAHI                           ,MOUNTAINVIEW SURGERY,585 CRUMLIN ROAD,BELFAST,BT14 7GB,Belfast,1862
73,Dr. CLULOW & PARTNER                ,CRUMLIN ROAD FAMILY PRACTICE,CRUMLIN ROAD HEALTH CENTRE,"94-100 CRUMLIN ROAD, BELFAST",BT14 6AR,Belfast,2273
74,Dr. BEATTIE & PARTNER               ,DR SIMPSON & DR BEATTIE,NORTHGATE FAMILY PRACTICE,"36 DUNCAIRN GARDENS, BELFAST",BT15 2GH,Belfast,2816
75,Dr. MCCLOSKEY & PARTNERS            ,GROSVENOR ROAD SURGERY,216 GROSVENOR ROAD,BELFAST,BT12 5LT,Belfast,10140
79,Dr. O'NEILL & PARTNERS              ,70 SPRINGFIELD ROAD,BELFAST,CO ANTRIM,BT12 7AH,Belfast,9003
80,Dr. CONWAY & PARTNERS               ,460 OLDPARK ROAD,BELFAST,NULL,BT14 6QG,Belfast,4725
81,Dr. MCHUGH & PARTNERS               ,46 SPRINGFIELD ROAD,BELFAST,NULL,BT12 7AH,Belfast,7686
83,Dr. CARROLL & PARTNERS              ,"GROVE WELLBEING CENTRE, GROVE MEDICAL PRACTICE",120 YORK ROAD,BELFAST,BT15 3HF,Belfast,6266
84,Dr. SALTERS & PARTNERS              ,186 FALLS ROAD,BELFAST,NULL,BT12 6AG,Belfast,3660
85,Dr. MACSORLEY & PARTNERS            ,515 ANTRIM ROAD,BELFAST,NULL,BT15 3BS,Belfast,5282
86,Dr. LOUGHREY & PARTNERS             ,SALISBURY MEDICAL CENTRE,474 ANTRIM ROAD,BELFAST,BT15 5GF,Belfast,10514
92,Dr. MCFERRAN & PARTNERS             ,BALLYOWEN HEALTH CENTRE,179 ANDERSONSTOWN ROAD,BELFAST,BT11 9EA,Belfast,5018
93,Dr. MAHOOD & PARTNERS               ,61 CLIFTONVILLE ROAD,BELFAST,NULL,BT14 6JN,Belfast,5738
94,Dr. CUMMINGS & PARTNERS             ,115 FALLS ROAD,BELFAST,NULL,BT12 6AA,Belfast,7111
95,Dr. WYLIE                           ,BALLYOWEN HEALTH CENTRE,179 ANDERSONSTOWN ROAD,BELFAST,BT11 9EA,Belfast,2669
96,Dr. MAGENIS & PARTNERS              ,MALVERN FAMILY PRACTICE,69 SHANKILL ROAD,BELFAST,BT13 1FD,Belfast,5525
98,Dr. GILMORE & PARTNER               ,THE LIGONIEL HEALTH CENTRE,74A LIGONIEL ROAD,BELFAST,BT14 8BY,Belfast,3698
101,Dr. KELLY & PARTNERS                ,132-136 SANDY ROW,BELFAST,CO ANTRIM,BT12 5EY,Belfast,4686
103,Dr. NEESON & PARTNERS               ,15/17 CLIFTON STREET,BELFAST,NULL,BT13 1AD,Belfast,9104
104,Dr. WRIGHT & PARTNERS               ,17 BALLYGOMARTIN ROAD,BELFAST,NULL,BT13 3BW,Belfast,7989
105,Dr. DOGGART & PARTNER               ,OLD CHURCH PRACTICE,"2ND FLOOR, CORNERSTONE MEDICAL CENTRE","69 SHANKILL ROAD, BELFAST",BT13 1FD,Belfast,2531
111,Dr. MCKENNA & PARTNER               ,2 THAMES STREET,BELFAST,CO ANTRIM,BT12 6AP,Belfast,2799
113,Dr. DUGAN                           ,173 ANDERSONSTOWN ROAD,BELFAST,NULL,BT11 9EA,Belfast,4473
114,Dr. BONNAR & PARTNERS               ,33 STEWARTSTOWN ROAD,BELFAST,NULL,BT11 9FZ,Belfast,6911
116,Dr. DORAN & PARTNERS                ,CROCUS STREET SURGERY,1 CROCUS STREET,BELFAST,BT12 7AP,Belfast,4504
132,Dr. MCGLADE & PARTNERS              ,THE KELLY PRACTICE,1 DUNLUCE AVENUE,BELFAST,BT9 7HR,Belfast,4039
136,Dr. HAIGNEY & PARTNERS              ,MOUNT ORIEL MEDICAL PRACTICE,KNOCKBREDA WTC,"110 SAINTFIELD ROAD, BELFAST",BT8 6GR,Belfast,6532
140,Dr. CLEMENTS & PARTNERS             ,THE HEALTH CENTRE,1 DUNLUCE AVENUE,BELFAST,BT9 7HR,Belfast,8310
143,Dr. SHERWOOD & PARTNERS             ,THE ROWAN TREE FAMILY PRACTICE,1 DUNLUCE AVENUE,BELFAST,BT9 7HR,Belfast,5635
144,Dr. HEGAN & PARTNERS                ,RAVENBANK SURGERY,113 RAVENHILL ROAD,BELFAST,BT6 8DR,Belfast,1553
145,Dr. KILLINER & PARTNERS             ,15A DONEGALL ROAD,BELFAST,NULL,BT12 5JJ,Belfast,8216
146,Dr. BOYD & PARTNERS                 ,BALMORAL SURGERY,436 LISBURN ROAD,BELFAST,BT9 6GR,Belfast,4277
147,Dr. CHEYNE & PARTNERS               ,281 ORMEAU ROAD,BELFAST,NULL,BT7 3GG,Belfast,7676
148,Dr. MORROW & PARTNERS               ,SOUTH EAST FAMILY PRACTICE,370/372 CREGAGH ROAD,BELFAST,BT6 9EY,Belfast,8987
151,Dr. MCAULEY & PARTNERS              ,THE HEALTH CENTRE,13/25 FINAGHY ROAD SOUTH,BELFAST,BT10 0BX,Belfast,13108
153,Dr. O'HARE & PARTNERS               ,ORMEAU ROAD HEALTH CENTRE,120 ORMEAU ROAD,BELFAST,BT7 2EB,Belfast,9676
154,Dr. MCCAULEY & PARTNERS             ,142 - 144 UNIVERSITY STREET,BELFAST,NULL,BT7 1HH,Belfast,4950
156,Dr. CHAKRAVARTY & PARTNERS          ,BALLYOWEN HEALTH CENTRE,179 ANDERSONSTOWN ROAD,BELFAST,BT11 9EA,Belfast,7143
157,Dr. FAIR & PARTNERS                 ,UNIVERSITY HEALTH CENTRE AT QUEENS,ELMWOOD MANSE,"7 UNIVERSITY TERRACE, BELFAST",BT7 1NP,Belfast,10063
159,Dr. BELL & PARTNERS                 ,485 ORMEAU ROAD,BELFAST,NULL,BT7 3GR,Belfast,5795
162,Dr. THOMPSON & PARTNER              ,10/12 LISBURN ROAD,BELFAST,CO ANTRIM,BT9 6AA,Belfast,2634
164,Dr. MURDOCK & PARTNER               ,CREGAGH SURGERY,36 MONTGOMERY ROAD,BELFAST,BT6 9HL,Belfast,3378
165,Dr. KEANE & PARTNERS                ,6 NORTH PARADE,BELFAST,NULL,BT7 2GG,Belfast,8417
166,Dr. CULLEN & PARTNER                ,BOTANIC MEDICAL CENTRE,51 BOTANIC AVENUE,BELFAST,BT7 1JL,Belfast,2679
191,Dr. HARRISON & PARTNERS             ,THE MONTALTO MEDICAL CENTRE,2 DROMORE ROAD,BALLYNAHINCH,BT24 8AY,South Eastern,9800
192,Dr. MCGILL & PARTNERS               ,KILLYLEAGH SURGERY,14 DOWNPATRICK ROAD,"KILLYLEAGH, DOWNPATRICK",BT30 9RG,South Eastern,4904
193,Dr. GREER & PARTNERS                ,14 CHURCH VIEW,DUNDRUM,NEWCASTLE,BT33 0NA,South Eastern,9605
194,Dr. HYLAND & PARTNER                ,THE SURGERY,CAUSEWAY PLACE,NEWCASTLE,BT33 0DN,South Eastern,1995
195,Dr. GILPIN & PARTNER                ,THE SURGERY,CAUSEWAY PLACE,NEWCASTLE,BT33 0DN,South Eastern,1755
196,Dr. MURPHY & PARTNER                ,THE HEALTH CENTRE,DOWNPATRICK ROAD,ARDGLASS,BT30 7SF,South Eastern,3218
198,Dr. ROSS & PARTNERS                 ,THE HEALTH CENTRE,FAIRVIEW,"SAINTFIELD, BALLYNAHINCH",BT24 7AD,South Eastern,8805
201,Dr. LEGGETT & PARTNERS              ,DONARD FAMILY PRACTICE,56 MAIN STREET,"NEWCASTLE, CO DOWN",BT33 0AE,South Eastern,11729
202,Dr. SMALL & PARTNER                 ,GP & PRIMARY CARE CENTRE,"FIRST FLOOR, DOWN HOSPITAL","STRUELL WELLS ROAD, DOWNPATRICK",BT30 6RL,South Eastern,3816
204,Dr. MULHALL & PARTNERS              ,THE SURGERY,12 THE GREEN,"IRISH STREET, DOWNPATRICK",BT30 6BE,South Eastern,4871
205,Dr. TRAINOR & PARTNERS              ,THE SURGERY,JAMES STREET,"CROSSGAR, DOWNPATRICK",BT30 9JU,South Eastern,4723
206,Dr. SHEVLIN & PARTNERS              ,GP & PRIMARY CARE CENTRE,"FIRST FLOOR, DOWN HOSPITAL","STRUELL WELLS ROAD, DOWNPATRICK",BT30 6RL,South Eastern,4853
207,Dr. HARNEY & PARTNER                ,STREAM STREET SURGERY,40 STREAM STREET,DOWNPATRICK,BT30 6DE,South Eastern,4896
221,Dr. FLEMING & PARTNERS              ,HEALTH CENTRE,BALLYNAHINCH ST,HILLSBOROUGH,BT26 6AW,South Eastern,9815
222,Dr. MULHOLLAND & PARTNERS           ,WOODBROOK MEDICAL PRACTICE,STEWARTSTOWN ROAD,DUNMURRY BELFAST,BT17 0FB,South Eastern,8910
223,Dr. CARSON & PARTNERS               ,THE HEALTH CENTRE,LINENHALL STREET,LISBURN,BT28 1LU,South Eastern,3839
224,Dr. CAIRNS & PARTNERS               ,THE HEALTH CENTRE,LINENHALL STREET,LISBURN,BT28 1LU,South Eastern,7010
226,Dr. SMITH & PARTNERS                ,THE SURGERY,BEGNEY HILL ROAD,DROMARA,BT25 2AT,South Eastern,8146
227,Dr. CURRY & PARTNERS                ,THE HEALTH CENTRE,LINENHALL STREET,LISBURN,BT28 1LU,South Eastern,11861
228,Dr. FORDE & PARTNERS                ,LAGANVIEW MEDICAL PRACTICE,"LISBURN HEALTH CENTRE, LINENHALL STREET",LISBURN,BT28 1LU,South Eastern,4258
229,Dr. RUDDELL & PARTNERS              ,THE HEALTH CENTRE,LINENHALL STREET,LISBURN,BT28 1LU,South Eastern,8667
230,Dr. RYAN & PARTNERS                 ,THE HEALTH CENTRE,LINENHALL STREET,LISBURN,BT28 1LU,South Eastern,5161
231,Dr. PALMER & PARTNERS               ,THE HEALTH CENTRE,LINENHALL STREET,LISBURN,BT28 1LU,South Eastern,9813
232,Dr. DICK & PARTNERS                 ,192 KINGSWAY,DUNMURRY,BELFAST,BT17 9AL,South Eastern,7916
233,Dr. GALLAGHER & PARTNER             ,GLENAVY FAMILY PRACTICE,47 MAIN STREET,"GLENAVY, CRUMLIN",BT29 4LN,South Eastern,4673
234,Dr. PATTERSON                       ,THE HEALTH CENTRE,LINENHALL STREET,LISBURN,BT28 1LU,South Eastern,1849
252,Dr. LAWSON & PARTNERS               ,PRIORY SURGERY,26 HIGH STREET,HOLYWOOD,BT18 9AD,South Eastern,14726
253,Dr. REID & PARTNERS                 ,THE HEALTH CENTRE,NEWTOWNARDS ROAD,BANGOR,BT20 4LD,South Eastern,7700
254,Dr. MOLES & PARTNERS                ,24 LISBARNETT ROAD,LISBANE,NEWTOWNARDS,BT23 6AW,South Eastern,4026
255,Dr. KENNY & PARTNERS                ,THE HEALTH CENTRE,NEWTOWNARDS ROAD,BANGOR,BT20 4LD,South Eastern,5428
256,Dr. CRAIG & PARTNER                 ,140 GROOMSPORT ROAD,BANGOR,CO DOWN,BT20 5PE,South Eastern,5654
257,Dr. MCCREERY & PARTNERS             ,THE SURGERY,BROOK STREET,HOLYWOOD,BT18 9DA,South Eastern,8005
258,Dr. DREW & PARTNERS                 ,THE HEALTH CENTRE,NEWTOWNARDS ROAD,BANGOR,BT20 4LD,South Eastern,4891
259,Dr. DOYLE & PARTNER                 ,CUAN FAMILY PRACTICE,44 HIGH STREET,"PORTAFERRY, NEWTOWNARDS",BT22 1QT,South Eastern,3814
260,Dr. CRAWFORD & PARTNERS             ,THE HEALTH CENTRE,NEWTOWNARDS ROAD,BANGOR,BT20 4LD,South Eastern,7279
261,Dr. NEOH & PARTNERS                 ,KILLYNETHER PRACTICE,2A FREDERICK STREET,NEWTOWNARDS,BT23 4LR,South Eastern,6103
263,Dr. BISSETT                         ,DR ROBERT HENRY SURGERY,7A NEWTOWNARDS ROAD,"COMBER, NEWTOWNARDS",BT23 5AU,South Eastern,1742
264,Dr. KINNEAR & PARTNER               ,SILVERBIRCH MEDICAL PRACTICE,39A SILVERBIRCH ROAD,BANGOR,BT19 6EU,South Eastern,2735
265,Dr. HYLAND & PARTNERS               ,THE SURGERY,1 CHURCH STREET,NEWTOWNARDS,BT23 4FH,South Eastern,4097
267,Dr. SEMPLE & PARTNERS               ,THE HEALTH CENTRE,5 NEWTOWNARDS ROAD,"COMBER, NEWTOWNARDS",BT23 5BA,South Eastern,2625
271,Dr. WINTER & PARTNERS               ,OLD MILL SURGERY,CHURCH STREET,NEWTOWNARDS,BT23 4AS,South Eastern,10593
272,Dr. MCKEOWN & PARTNERS              ,16 A THE SQUARE,COMBER,NEWTOWNARDS,BT23 5DT,South Eastern,6548
273,Dr. WHITESIDE & PARTNERS            ,THE HEALTH CENTRE,5 NEWTOWNARDS ROAD,"COMBER, NEWTOWNARDS",BT23 5BA,South Eastern,3068
274,Dr. HOLMES & PARTNERS               ,BLOOMFIELD SURGERY,95 BLOOMFIELD ROAD,BANGOR,BT20 4XA,South Eastern,10392
275,Dr. WEBB & PARTNERS                 ,REGENCY MEDICAL CENTRE,2A FREDERICK STREET,NEWTOWNARDS,BT23 4LR,South Eastern,4787
276,Dr. HISCOCKS & PARTNERS             ,DONAGHADEE HEALTH CENTRE,3 KILLAUGHEY ROAD,DONAGHADEE,BT21 0BU,South Eastern,9135
278,Dr. KENNEDY & PARTNERS              ,THE SURGERY,1 CHURCH STREET,NEWTOWNARDS,BT23 4FH,South Eastern,4438
279,Dr. COULTER & PARTNER               ,WINDMILL SURGERY,44 HIGH STREET,"PORTAFERRY, NEWTOWNARDS",BT22 1QT,South Eastern,2453
280,Dr. MCMINN & PARTNERS               ,THE HEALTH CENTRE,NEWTOWNARDS ROAD,BANGOR,BT20 4LD,South Eastern,5245
281,Dr. ABRAHAM & PARTNERS              ,CLELAND PARK SURGERY,2 CLELAND PARK,BANGOR,BT20 3EB,South Eastern,5710
282,Dr. HUGHES & PARTNERS               ,THE HEALTH CENTRE,FOWLER WAY,"BALLYWALTER, NEWTOWNARDS",BT22 2PY,South Eastern,5348
283,Dr. BAILIE & PARTNERS               ,LOUGH VIEW SURGERY,2 MAIN STREET,"KIRCUBBIN, NEWTOWNARDS",BT22 2SP,South Eastern,5701
284,Dr. ARMSTRONG & PARTNER             ,THE SURGERY,1 CHURCH STREET,NEWTOWNARDS,BT23 4FH,South Eastern,3075
285,Dr. JACKSON & PARTNER               ,GREEN ROAD MEDICAL CENTRE,5 GREEN ROAD,"CONLIG, NEWTOWNARDS",BT23 7PZ,South Eastern,3611
302,Dr. STIRLING & PARTNERS             ,THE SURGERY,80 CASTLETON,"TEMPLEPATRICK, BALLYCLARE",BT39 0AZ,Northern,9059
303,Dr. HYNDMAN & PARTNERS              ,1 GLENAVY ROAD,CRUMLIN,CO ANTRIM,BT29 4LA,Northern,7582
304,Dr. BUTLER & PARTNERS               ,"MAINE MEDICAL PRACTICE, THE OLD MEETING HOUSE",2 STRAID ROAD,"AHOGHILL, BALLYMENA",BT42 2PB,NULL,4970
305,Dr. HARPER & PARTNERS               ,BERNAGHMORE MEDICAL PRACTICE,BALLYMENA HEALTH & CARE CENTRE,"86 CUSHENDALL ROAD, BALLYMENA",BT43 6HB,Northern,3654
307,Dr. FIELD & PARTNERS                ,"CASTLE MEDICAL PRACTICE, ANTRIM HEALTH CENTRE",32A STATION ROAD,ANTRIM,BT41 4BS,Northern,4145
308,Dr. HUNTER & PARTNERS               ,ORIEL SURGERY,31 ORIEL ROAD,ANTRIM,BT41 4HR,Northern,5879
310,Dr. MCKELVEY & PARTNERS             ,CULLYBACKEY HEALTH CENTRE,TOBER PARK,"CULLYBACKEY, BALLYMENA",BT42 1NW,Northern,7421
311,Dr. MAGOWAN & PARTNER               ,THE SURGERY,77 GALGORM ROAD,BALLYMENA,BT42 1AA,Northern,2482
312,Dr. HALL & PARTNER                  ,SLEMISH VIEW MEDICAL PRACTICE,BALLYMENA HEALTH & CARE CENTRE,"86 CUSHENDALL ROAD, BALLYMENA",BT43 6HB,Northern,2546
313,Dr. RUSSELL & PARTNERS              ,THE GABLES,45 WAVENEY ROAD,BALLYMENA,BT43 5BA,Northern,3684
314,Dr. MCFARLAND & PARTNERS            ,WAVENEY MEDICAL PRACTICE,BALLYMENA HEALTH & CARE CENTRE,"86 CUSHENDALL ROAD, BALLYMENA",BT43 6HB,NULL,4586
315,Dr. WRIGHT & PARTNER                ,BALLYMENA FAMILY PRACTICE,BALLYMENA HEALTH & CARE CENTRE,"86 CUSHENDALL ROAD, BALLYMENA",BT43 6HB,NULL,3241
317,Dr. REDMOND & PARTNERS              ,THE HEALTH CENTRE,76 MAIN STREET,BROUGHSHANE BALLYMENA,BT42 4JA,Northern,6847
319,Dr. MCCUSKER & PARTNERS             ,PORTGLENONE HEALTH CENTRE,17 TOWNHILL ROAD,"PORTGLENONE, BALLYMENA",BT44 8AD,Northern,6710
321,Dr. MCQUILLAN & PARTNERS            ,SEVEN TOWERS PRACTICE,BALLYMENA HEALTH & CARE CENTRE,"86 CUSHENDALL ROAD, BALLYMENA",BT43 6HB,NULL,4291
323,Dr. BROWN & PARTNER                 ,SMITHFIELD MEDICAL CENTRE,7 SMITHFIELD PLACE,"GALGORM ROAD, BALLYMENA",BT43 5HB,Northern,2454
325,Dr. BILL & PARTNER                  ,KELLS & CONNOR MEDICAL CENTRE,36 CHURCH ROAD,"KELLS, BALLYMENA",BT42 3JU,Northern,3691
326,Dr. MCCUSKER & PARTNERS             ,THE FAMILY PRACTICE,THE HEALTH CENTRE,"STATION ROAD, ANTRIM",BT41 4BS,Northern,5660
327,Dr. KIDD & PARTNER                  ,THE HEALTH CENTRE,STATION ROAD,ANTRIM,BT41 4BS,Northern,3466
328,Dr. JOHNSTON & PARTNERS             ,MAINE MEDICAL PRACTICE,"OLD MILL PARK, MAIN STREET","CULLYBACKEY, BALLYMENA",BT42 1GP,Northern,5058
329,Dr. COBAIN & PARTNERS               ,THE HEALTH CENTRE,STATION ROAD,ANTRIM,BT41 4BS,Northern,3717
330,Dr. MCKENNA & PARTNER               ,THE HEALTH CENTRE,STATION ROAD,ANTRIM,BT41 4BS,Northern,4725
331,Dr. KHANNA & PARTNERS               ,BRAID FAMILY PRACTICE,BALLYMENA HEALTH & CARE CENTRE,"86 CUSHENDALL ROAD, BALLYMENA",BT43 6HB,Northern,4230
333,Dr. JOHNSTON & PARTNER              ,THE SURGERY,"TOOME HOUSE, 55 MAIN STREET","TOOMEBRIDGE, ANTRIM",BT41 3TF,Northern,3520
334,Dr. MCILROY & PARTNERS              ,THE HEALTH CENTRE,5 NEILLSBROOK ROAD,"RANDALSTOWN, ANTRIM",BT41 3AE,Northern,10337
336,Dr. HEGAN & PARTNERS                ,2 MALLUSK ROAD,NEWTOWNABBEY,NULL,BT36 4PP,Northern,8440
337,Dr. KYLE & PARTNERS                 ,GLENGORMLEY PRACTICE,324 ANTRIM ROAD,NEWTOWNABBEY,BT36 5EQ,Northern,8646
341,Dr. MAXWELL & PARTNER               ,THE HEALTH CENTRE,CASTLEROCK ROAD,COLERAINE,BT51 3HP,Northern,4961
344,Dr. TRACEY & PARTNERS               ,KILLOWEN MEDICAL CENTRE,CASTLEROCK ROAD,COLERAINE,BT51 3HP,Northern,5627
345,Dr. JOHNSTON & PARTNERS             ,BALLYMONEY FAMILY PRACTICE,BALLYMONEY HEALTH CENTRE,"21B NEWAL ROAD, BALLYMONEY",BT53 6HB,Northern,12435
346,Dr. WALLACE & PARTNERS              ,LODGE HEALTH,20 LODGE MANOR,COLERAINE,BT52 1JX,Northern,10253
349,Dr. STERNE & PARTNERS               ,THE COUNTRY MEDICAL PRACTICE,122 BALLINLEA ROAD,"ARMOY, BALLYMONEY",BT53 8TY,Northern,6177
350,Dr. BROWN & PARTNERS                ,6 PRIESTLAND ROAD,BUSHMILLS,NULL,BT57 8QP,Northern,2964
351,Dr. BAILIE & PARTNERS               ,PORTRUSH MEDICAL CENTRE,17 DUNLUCE AVENUE,PORTRUSH,BT56 8DW,Northern,7387
352,Dr. ORR & PARTNERS                  ,GARVAGH HEALTH CENTRE,110 MAIN STREET,"GARVAGH, COLERAINE",BT51 5AE,Northern,5802
354,Dr. HARLEY & PARTNERS               ,THE FAMILY PRACTICE,6 LEVER ROAD,PORTSTEWART,BT55 7EF,Northern,3265
355,Dr. MCCORMACK & PARTNERS            ,THE HEALTH CENTRE,36 GARVAGH ROAD,"KILREA, COLERAINE",BT51 5QP,Northern,6827
356,Dr. POLLOCK & PARTNERS              ,4 MOUNTSANDEL ROAD,COLERAINE,CO LONDONDERRY,BT52 1JB,Northern,11361
357,Dr. GRANT & PARTNERS                ,GLENS OF ANTRIM MEDICAL CENTRE,2 GORTACLEE ROAD,"CUSHENDALL, BALLYMENA",BT44 0TE,Northern,6508
358,Dr. NUTT & PARTNER                  ,LIFFOCK,69 SEA ROAD,"CASTLEROCK, COLERAINE",BT51 4TW,Northern,2701
360,Dr. HENDERSON & PARTNERS            ,THE HEALTH CENTRE,10 MONEYLECK ROAD,"RASHARKIN, BALLYMENA",BT44 8QB,Northern,4414
361,Dr. FANNIN & PARTNERS               ,THE HEALTH CENTRE,ROBINSON MEMORIAL HOSPITAL,BALLYMONEY,BT53 6HH,Northern,5352
366,Dr. MCLISTER & PARTNERS             ,THE HEALTH CENTRE,DALRIADA HOSPITAL,BALLYCASTLE,BT54 6BA,Northern,4011
367,Dr. MCCURDY & PARTNERS              ,THE FROCESS MEDICAL CENTRE,56 MAIN STREET,"CLOUGHMILLS, BALLYMENA",BT44 9LF,Northern,4589
368,Dr. HEGARTY & PARTNERS              ,THE HEALTH CENTRE,DALRIADA HOSPITAL,BALLYCASTLE,BT54 6BA,Northern,4800
369,Dr. O'LOAN & PARTNERS               ,PORTSTEWART MEDICAL CENTRE,MILL ROAD,PORTSTEWART,BT55 7SW,Northern,4072
382,Dr. STONE & PARTNERS                ,MEADOWBRIDGE SURGERY,SLAUGHTERFORD ROAD,"WHITEHEAD, CARRICKFERGUS",BT38 9TG,Northern,9019
385,Dr. KERNOHAN & PARTNERS             ,OLD SCHOOL SURGERY,54 STATION ROAD,"GREENISLAND, CARRICKFERGUS",BT38 8TP,Northern,10069
387,Dr. BUCKLEY & PARTNERS              ,THE HEALTH CENTRE,TAYLORS AVENUE,CARRICKFERGUS,BT38 7HT,Northern,7290
388,Dr. SHEPHERD & PARTNERS             ,INVER SURGERY,MOYLE MEDICAL CENTRE,"OLD GLENARM ROAD, LARNE",BT40 1XH,Northern,5161
389,Dr. MCILROY & PARTNERS              ,CORRAN SURGERY,MOYLE MEDICAL CENTRE,"OLD GLENARM ROAD, LARNE",BT40 1XH,Northern,8000
390,Dr. BOLTON & PARTNERS               ,THE HEALTH CENTRE,TAYLORS AVENUE,CARRICKFERGUS,BT38 7HT,Northern,14821
391,Dr. WILSON & PARTNERS               ,VICTORIA SURGERY,MOYLE MEDICAL CENTRE,"OLD GLENARM ROAD, LARNE",BT40 1XH,Northern,5723
393,Dr. BLACK & PARTNER                 ,THE HEALTH CENTRE,GLOUCESTER AVENUE,LARNE,BT40 1PB,Northern,3015
394,Dr. HOWIE & PARTNERS                ,"LARNE FAMILY PRACTICE, LARNE HEALTH CENTRE",GLOUCESTER AVENUE,LARNE,BT40 1PB,Northern,4571
395,Dr. WILSON & PARTNER                ,ROCKFIELD MEDICAL CENTRE,BALLYMENA,NULL,BT43 6JD,Northern,4083
396,Dr. VERCOE-ROGERS & PARTNER         ,OLD BANK SURGERY,97 MILL STREET,BALLYMENA,BT43 5AF,Northern,3736
401,Dr. WRAY & PARTNERS                 ,THE HEALTH CENTRE,52 ORRITOR ROAD,COOKSTOWN,BT80 8BN,Northern,6468
402,Dr. WHITE & PARTNERS                ,DRAPERSTOWN SURGERY,6 TOBERMORE ROAD,"DRAPERSTOWN, MAGHERAFELT",BT45 7AG,Northern,8426
404,Dr. DALZELL & PARTNERS              ,67 URBAL ROAD,COAGH,COOKSTOWN,BT80 0DP,Northern,5164
405,Dr. FLANIGAN & PARTNERS             ,LOY MEDICAL CENTRE,8 LOY STREET,COOKSTOWN,BT80 8PE,Northern,5635
406,Dr. GLANCY & PARTNERS               ,29 GARDEN STREET,MAGHERAFELT,CO LONDONDERRY,BT45 5DD,Northern,9240
407,Dr. IRWIN & PARTNERS                ,OAKS FAMILY PRACTICE CENTRE,48 ORRITOR ROAD,COOKSTOWN,BT80 8BH,Northern,7747
409,Dr. MCCOY & PARTNERS                ,THE HEALTH CENTRE,50 HILLHEAD,"STEWARTSTOWN, DUNGANNON",BT71 5HY,Northern,5622
410,Dr. SHAW & PARTNERS                 ,MAGHERA MEDICAL CENTRE,25 CHURCH STREET,MAGHERA,BT46 5EA,Northern,8399
412,Dr. O'KANE & PARTNERS               ,THE DIAMOND MEDICAL CENTRE,MARKET SQUARE,MAGHERAFELT,BT45 6ED,Northern,9131
413,Dr. GRAHAM                          ,LOY BUILDINGS,18 LOY STREET,COOKSTOWN,BT80 8PE,Northern,2398
417,Dr. HINDS & PARTNERS                ,THE SURGERY,STATION ROAD,"CASTLEDAWSON, MAGHERAFELT",BT45 8AZ,Northern,6961
419,Dr. HUNTER                          ,FAIRHILL SURGERY,1 FAIRHILL ROAD,MAGHERAFELT CO LONDONDERRY,BT45 6BL,Northern,1700
420,Dr. KURIACOSE & PARTNERS            ,MONEYMORE MEDICAL PRACTICE,3 FAIRHILL,MONEYMORE,BT45 7LJ,Northern,5826
431,Dr. MEENAN & PARTNERS               ,WHITEHOUSE MEDICAL GROUP PRACTICE,"UNIT 29A, FIRST FLOOR, ABBEYCENTRE","LONGWOOD ROAD, NEWTOWNABBEY",BT37 9UH,Northern,9246
433,Dr. LOGAN & PARTNERS                ,THE HEALTH CENTRE,GEORGE AVENUE,BALLYCLARE,BT39 9HL,Northern,15139
434,Dr. HENDRON & PARTNERS              ,ABBOTS CROSS MEDICAL PRACTICE,92 DOAGH ROAD,NEWTOWNABBEY,BT37 9QW,Northern,8023
438,Dr. BEIRNE & PARTNERS               ,TRAMWAYS MEDICAL CENTRE,FARMLEY ROAD,NEWTOWNABBEY,BT36 7XX,Northern,10578
440,Dr. DORAN & PARTNERS                ,NOTTING HILL MEDICAL PRACTICE,DOAGH ROAD,NEWTOWNABBEY,BT37 9QN,Northern,10229
451,Dr. CLARKE & PARTNERS               ,BROWNLOW HEALTH CENTRE,1 LEGAHORY CENTRE,"LEGAHORY, CRAIGAVON",BT65 5BE,Southern,5994
453,Dr. MCCLOSKEY & PARTNERS            ,BANBRIDGE GROUP SURGERY,1 OLD HOSPITAL ROAD,BANBRIDGE,BT32 3GN,Southern,4071
454,Dr. HUEY & PARTNERS                 ,THE SURGERY,11 MAIN STREET,"LOUGHBRICKLAND, BANBRIDGE",BT32 3NQ,Southern,8724
455,Dr. LOGAN & PARTNERS                ,THE HEALTH CENTRE,CASTLEVIEW,"GILFORD, CRAIGAVON",BT63 6JS,Southern,5581
457,Dr. MCDONALD & PARTNERS             ,WYNNE HILL SURGERY,51 HILL STREET,"LURGAN, CRAIGAVON",BT66 6BW,Southern,11640
458,Dr. TROUGHTON & PARTNERS            ,THE HEALTH CENTRE,TAVANAGH AVENUE,PORTADOWN,BT62 3BU,Southern,5052
460,Dr. LENNON & PARTNERS               ,60A MAIN STREET,DONAGHCLONEY,CRAIGAVON,BT66 7LR,Southern,4315
461,Dr. CLARKE & PARTNER                ,THE HEALTH CENTRE,TAVANAGH AVENUE,"PORTADOWN, CRAIGAVON",BT62 3BU,Southern,3779
462,Dr. EAKIN & PARTNERS                ,60 HIGH STREET,LURGAN,CRAIGAVON,BT66 8BA,Southern,9561
463,Dr. PATTERSON & PARTNERS            ,THE SURGERY,7 MOORES LANE,"LURGAN, CRAIGAVON",BT66 8DW,Southern,4817
464,Dr. O'CONNOR & PARTNER              ,THE HEALTH CENTRE,TAVANAGH AVENUE,"PORTADOWN, CRAIGAVON",BT62 3BU,Southern,4993
465,Dr. ARMSTRONG & PARTNERS            ,28 CHURCH WALK,LURGAN,CRAIGAVON,BT67 9AA,Southern,8347
467,Dr. SOUTHWELL & PARTNERS            ,87/89 WILLIAM STREET,LURGAN,CRAIGAVON,BT66 6JB,Southern,5402
469,Dr. MALLON & PARTNERS               ,BANBRIDGE GROUP SURGERY,1 OLD HOSPITAL ROAD,BANBRIDGE,BT32 3GN,Southern,8666
470,Dr. SHARPE & PARTNERS               ,RIVERSIDE PRACTICE,"THE HEALTH CENTRE, TAVANAGH AVENUE","PORTADOWN, CRAIGAVON",BT62 3BU,Southern,13351
471,Dr. MCNIFF & PARTNERS               ,BANBRIDGE GROUP SURGERY,1 OLD HOSPITAL ROAD,BANBRIDGE,BT32 3GN,Southern,7806
472,Dr. MULLAN & PARTNER                ,SCARVA STREET SURGERY,60 SCARVA STREET,"LOUGHBRICKLAND, BANBRIDGE",BT32 3NH,Southern,2982
473,Dr. DAVIS & PARTNERS                ,52 MAIN STREET,MOIRA,CRAIGAVON,BT67 0LQ,South Eastern,9502
474,Dr. ATCHISON & PARTNERS             ,50 GALLOWS STREET,DROMORE,CO DOWN,BT25 1BD,Southern,7893
475,Dr. WILSON & PARTNERS               ,8a LURGAN ROAD,AGHALEE,CRAIGAVON,BT67 0DD,South Eastern,5247
476,Dr. LUTTON & PARTNER                ,THE SURGERY,32 STATION ROAD,"BALLYWARD, CASTLEWELLAN",BT31 9TU,Southern,2422
477,Dr. MCCLUSKEY & PARTNERS            ,THE HEALTH CENTRE,TAVANAGH AVENUE,"PORTADOWN, CRAIGAVON",BT62 3BU,Southern,4964
478,Dr. MEDICAL PRACTICE & PARTNER      ,BANNVIEW MEDICAL PRACTICE,PORTADOWN HEALTH & CARE CENTRE,"TAVANAGH AVENUE, PORTADOWN, CRAIGAVON",BT62 3BU,Southern,4892
479,Dr. BURNETT & PARTNERS              ,THE HEALTH CENTRE,TAVANAGH AVENUE,"PORTADOWN, CRAIGAVON",BT62 3BU,Southern,8513
482,Dr. GORMLEY & PARTNERS              ,THE OLD SCHOOL HOUSE MEDICAL CENTRE,1 ANTRIM ROAD,"LURGAN, CRAIGAVON",BT67 9BW,Southern,4813
491,Dr. MARSHALL & PARTNERS             ,ABBEY COURT SURGERY,DOBBIN LANE,ARMAGH,BT61 7QG,Southern,7997
493,Dr. SANDS & PARTNERS                ,NORTHLAND SURGERY,79 CUNNINGHAMS LANE,DUNGANNON,BT71 6BX,Southern,8841
494,Dr. BOYD & PARTNER                  ,THE VALLEY MEDICAL PRACTICE,20 COONEEN ROAD,FIVEMILETOWN,BT75 0ND,Southern,4337
495,Dr. CARSON & PARTNERS               ,CAMPBELL SURGERY,10 QUARRY LANE,DUNGANNON,BT70 1HX,Southern,9946
497,Dr. MCCOLLUM & PARTNERS             ,WILLOWBANK,KEADY,CO ARMAGH,BT60 3RL,Southern,9293
498,Dr. MCSHANE & PARTNER               ,MCSHANE AND CAMPBELL PRACTICE,"MOY HEALTH CENTRE, CHARLEMONT STREET",MOY,BT71 7SL,Southern,3669
499,Dr. POTTER & PARTNER                ,ERRIGAL MEDICAL CENTRE,OLD DUNGANNON ROAD,"BALLYGAWLEY,DUNGANNON",BT70 2EY,Southern,4044
500,Dr. HERRON & PARTNER                ,22 BARRACK STREET,COALISLAND,DUNGANNON,BT71 4LS,Southern,2289
501,Dr. MCCONVILLE & PARTNER            ,MOY MEDICAL PRACTICE,CHARLEMONT STREET,MOY,BT71 7SL,Southern,2564
502,Dr. CARLILE & PARTNERS              ,15 DARTAN REE,TYNAN,ARMAGH,BT60 4QT,Southern,5574
503,Dr. WRIGHT & PARTNERS               ,THE HEALTH CENTRE,NEWRY STREET,"MARKETHILL, ARMAGH",BT60 1TA,Southern,6205
504,Dr. CLEARY & PARTNER                ,MOY MEDICAL CENTRE,CHARLEMONT STREET,"MOY, DUNGANNON",BT71 7SL,Southern,3547
505,Dr. GARLAND & PARTNERS              ,PARKVIEW SURGERY,"SOUTH TYRONE HOSPITAL SITE, CARLAND ROAD,",DUNGANNON,BT71 4AU,Southern,9000
506,Dr. GRIBBEN & PARTNER               ,2 SYDNEY LANE,AUGHNACLOY,CO TYRONE,BT69 6AF,Southern,4986
507,Dr. WATTERS                         ,THE HEALTH CENTRE,24A TASSAGH ROAD,KEADY,BT60 3TU,Southern,2717
508,Dr. PICKERING & PARTNER             ,TANDRAGEE MEDICAL CENTRE,3 MONTAGUE STREET,"TANDRAGEE, CRAIGAVON",BT62 2AN,Southern,3607
509,Dr. MCKAY & PARTNER                 ,57 THOMAS STREET,DUNGANNON,CO TYRONE,BT70 1HW,Southern,6125
512,Dr. O'DONNELL & PARTNERS            ,THE MEDICAL CENTRE,15 BARRACK STREET,"COALISLAND, DUNGANNON",BT71 4LS,Southern,4415
514,Dr. GARVIN & PARTNERS               ,THE ARCHWAY SURGERY,DOBBIN LANE,ARMAGH,BT61 7QG,Southern,8027
515,Dr. LEETCH & PARTNERS               ,THE HEALTH CENTRE,"6 GREENVIEW, MAYNOOTH ROAD","RICHHILL, ARMAGH",BT61 9PD,Southern,5413
516,Dr. O'HAGAN & PARTNERS              ,THE FRIARY SURGERY,DOBBIN LANE,ARMAGH,BT61 7QG,Southern,9116
517,Dr. MURTY                           ,39 THOMAS STREET,DUNGANNON,CO TYRONE,BT70 1HN,Southern,2275
519,Dr. MITCHEL & PARTNER               ,THE SURGERY,10A LINESIDE,"COALISLAND, DUNGANNON",BT71 4LP,Southern,4012
526,Dr. MCAREAVY & PARTNERS             ,CORNMARKET SURGERY,NEWRY HEALTH VILLAGE,"MONAGHAN STREET, NEWRY",BT35 6BW,Southern,4977
528,Dr. FEE                             ,THE HEALTH CENTRE,MCCORMICK PLACE,"CROSSMAGLEN, NEWRY",BT35 9HD,Southern,4823
529,Dr. MULVANEY & PARTNERS             ,CORNMARKET SURGERY,NEWRY HEALTH VILLAGE,"MONAGHAN STREET, NEWRY",BT35 6BW,Southern,6588
530,Dr. O'SHAUGHNESSY & PARTNER         ,THE HEALTH CENTRE,JOHN STREET,"RATHFRILAND, NEWRY",BT34 5QH,Southern,2165
531,Dr. ALLEN & PARTNERS                ,14 KILKEEL ROAD,ANNALONG,NEWRY,BT34 4TH,Southern,4182
532,Dr. CHAMBERS & PARTNER              ,KILKEEL PRIMARY CARE CENTRE,GREENCASTLE STREET,"KILKEEL, NEWRY",BT34 4BH,Southern,3828
533,Dr. VETTIANKAL                      ,MEIGH SURGERY,5B DRUMINTEE ROAD,"KILLEAVY, NEWRY",BT35 8JT,Southern,2680
534,Dr. FEARON & PARTNERS               ,CLANRYE SURGERY,NEWRY HEALTH VILLAGE,"MONAGHAN STREET, NEWRY",BT35 6BW,Southern,8807
535,Dr. WADE & PARTNERS                 ,THE HEALTH CENTRE,JOHN STREET,"RATHFRILAND, NEWRY",BT34 5QH,Southern,3721
536,Dr. MCGIVERN & PARTNERS             ,SUMMER HILL SURGERY,50 GREAT GEORGES STREET,"WARRENPOINT, NEWRY",BT34 3HS,Southern,8187
537,Dr. MCEVOY & PARTNERS               ,MCVERRY/MCEVOY MEDICAL CENTRE,NEWRY HEALTH VILLAGE,"MONAGHAN STREET, NEWRY",BT35 6BW,Southern,9628
539,Dr. MCDOWELL & PARTNERS             ,CLANRYE SURGERY,NEWRY HEALTH VILLAGE,"MONAGHAN STREET, NEWRY",BT35 6BW,Southern,4575
540,Dr. O'NEILL & PARTNERS              ,MEADOWLANDS SURGERY,MONAGHAN STREET,NEWRY,BT35 6BW,Southern,7248
541,Dr. SLOAN & PARTNER                 ,RATHFRILAND SURGERY,9 CASTLEWELLAN ROAD,"RATHFRILAND, NEWRY",BT34 5LY,Southern,2720
542,Dr. LAMBE & PARTNERS                ,53 DUNDALK STREET,NEWTOWNHAMILTON,NEWRY,BT35 0PB,Southern,3813
543,Dr. MURPHY & PARTNERS               ,THE HEALTH CENTRE,SUMMERHILL,"WARRENPOINT, NEWRY",BT34 3JD,Southern,4607
544,Dr. O'REILLY & PARTNERS             ,CORNMARKET SURGERY,NEWRY HEALTH VILLAGE,"MONAGHAN STREET, NEWRY",BT35 6BW,Southern,7170
545,Dr. MAGUIRE & PARTNER               ,MAPHONER SURGERY,2A FORKHILL ROAD,"MULLAGHBAWN, NEWRY",BT35 9RA,Southern,5098
546,Dr. MCKERNAN                        ,BESSBROOK SURGERY,4 WAKEFIELD TERRACE,"BESSBROOK, NEWRY",BT35 7DA,Southern,2460
547,Dr. SHANNON & PARTNER               ,THE HEALTH CENTRE,JOHN STREET,"RATHFRILAND, NEWRY",BT34 5QH,Southern,3100
549,Dr. MULHOLLAND & PARTNERS           ,THE HEALTH CENTRE,2A MARKETHILL ROAD,"NEWTOWNHAMILTON, NEWRY",BT35 0BE,Southern,4396
551,Dr. ALLEN & PARTNER                 ,RATHKEELAND HOUSE,1 BLANEY ROAD,"CROSSMAGLEN, NEWRY",BT35 9JJ,Southern,4066
553,Dr. BONNER & PARTNER                ,MARINA SURGERY,15 HAVELOCK PLACE,"WARRENPOINT, NEWRY",BT34 3NE,Southern,2215
554,Dr. POOTS & PARTNERS                ,MOURNE FAMILY SURGERY,"MOURNE HOSPITAL, NEWRY STREET","KILKEEL,NEWRY",BT34 4DN,Southern,4166
555,Dr. MERCER & PARTNER                ,KILKEEL PRIMARY CARE CENTRE,GREENCASTLE STREET,"KILKEEL, NEWRY",BT34 4BH,Southern,1832
556,Dr. DILLON & PARTNERS               ,SHANLIEVE SURGERY,"KILKEEL PRIMARY CARE CENTRE, GREENCASTLE STREET","KILKEEL, NEWRY",BT34 4BH,Southern,3422
557,Dr. PATTERSON & PARTNERS            ,ARBOR FAMILY PRACTICE,BROWNLOW HEALTH CENTRE,"1 LEGAHORY CENTRE, LEGAHORY, CRAIGAVON",BT65 5BE,Southern,3021
562,Dr. MAGUIRE & PARTNERS              ,THE HEALTH CENTRE,ERNE ROAD,ENNISKILLEN,BT74 6NN,Western,4213
563,Dr. GUETTE                          ,"DEVENISH PRACTICE, THE HEALTH CENTRE",ERNE ROAD,ENNISKILLEN,BT74 6NN,Western,3899
564,Dr. WHITE & PARTNERS                ,LAKESIDE MEDICAL PRACTICE,ERNE ROAD,ENNISKILLEN,BT74 6NN,Western,7053
566,Dr. MCCAW & PARTNERS                ,IRVINESTOWN HEALTH CENTRE,CHURCH STREET,IRVINESTOWN,BT94 1EH,Western,7602
568,Dr. MALLON & PARTNER                ,THE HEALTH CENTRE,ERNE ROAD,ENNISKILLEN,BT74 6NN,Western,2982
571,Dr. CATHCART & PARTNERS             ,THE HEALTH CENTRE,ERNE ROAD,ENNISKILLEN,BT74 6NN,Western,7308
574,Dr. PORTEOUS & PARTNERS             ,MAPLE GROUP PRACTICE,DRUMHAW,"LISNASKEA, ENNISKILLEN",BT92 0FP,Western,14500
576,Dr. HERDMAN & PARTNERS              ,RATHMORE CLINIC,BELLEEK,ENNISKILLEN,BT93 3FY,Western,3910
581,Dr. KIRBY & PARTNER                 ,75 MAIN STREET,DERRYLIN,ENNISKILLEN,BT92 9LB,Western,2184
583,Dr. KHEW                            ,32 MAIN STREET,DERRYGONNELLY,ENNISKILLEN,BT93 6HW,Western,1807
584,Dr. CROMIE & PARTNERS               ,BROOKEBOROUGH & TEMPO PRIMARY CARE SERVICES,9 TANYARD LANE,"BROOKEBOROUGH, ENNISKILLEN",BT94 4JG,Western,6878
585,Dr. CUNNINGHAM & PARTNER            ,BENAUGHLIN HEALTH CENTRE,DRUMLAGHY,"FLORENCECOURT, ENNISKILLEN",BT92 1BZ,Western,3472
596,Dr. MCCALLION & PARTNERS            ,"CITYVIEW MEDICAL, WATERSIDE HEALTH CENTRE",SPENCER ROAD,LONDONDERRY,BT47 6AH,Western,9561
597,Dr. MCQUILLAN & PARTNERS            ,BOVALLY MEDICAL CENTRE,2 ROSSAIR ROAD,LIMAVADY,BT49 0TE,Western,6116
598,Dr. DURAND & PARTNERS               ,QUAYSIDE MEDICAL PRACTICE,80 - 84 STRAND ROAD,LONDONDERRY,BT48 7NN,Western,12049
599,Dr. O'DONNELL & PARTNERS            ,"PARK MEDICAL, THE HEALTH CENTRE",GREAT JAMES STREET,LONDONDERRY,BT48 7DH,Western,8121
600,Dr. TEDDERS & PARTNERS              ,THE HEALTH CENTRE,IRWIN CRESCENT,"CLAUDY, LONDONDERRY",BT47 4AB,Western,4941
601,Dr. GILLESPIE & PARTNERS            ,MOURNESIDE MEDICAL CENTRE,1A BALLYCOLMAN AVENUE,STRABANE,BT82 9AF,Western,10811
602,Dr. DOHERTY & PARTNERS              ,OAKLEAF MEDICAL PRACTICE,GREAT JAMES STREET,LONDONDERRY,BT48 7DH,Western,10602
603,Dr. KNOX & PARTNERS                 ,THE HEALTH CENTRE,FEENY,LONDONDERRY,BT47 4TD,Western,5845
604,Dr. MCCLOSKEY & PARTNERS            ,THE ABERFOYLE SURGERY,120 STRAND ROAD,LONDONDERRY,BT48 7NY,Western,11447
605,Dr. FULLERTON & PARTNER             ,256 BERRYHILL ROAD,DUNAMANAGH,STRABANE,BT82 0NB,Western,3963
606,Dr. O'KANE & PARTNERS               ,BRIDGE STREET MEDICAL CENTRE,BRIDGE STREET,LONDONDERRY,BT48 6LD,Western,4788
608,Dr. BLACK & PARTNERS                ,ABBEY MEDICAL PRACTICE,ABBEY STREET,LONDONDERRY,BT48 9DN,Western,6934
609,Dr. PRATT & PARTNERS                ,ROSSAIR FAMILY PRACTICE,2 ROSSAIR ROAD,LIMAVADY,BT49 0TE,Western,6569
610,Dr. O'FLAHERTY & PARTNERS           ,STRABANE HEALTH CENTRE,UPPER MAIN STREET,STRABANE,BT82 8AS,Western,7774
614,Dr. JOHNSTON & PARTNERS             ,DUNGIVEN HEALTH CENTRE,DUNGIVEN,LONDONDERRY,BT47 4RS,Western,3548
615,Dr. LALSINGH & PARTNERS             ,CLARENDON MEDICAL,35 NORTHLAND AVENUE,LONDONDERRY,BT48 7GW,Western,10868
616,Dr. BAILIE & PARTNERS               ,WESTERN RURAL HEALTHCARE,CASTLEDERG GROUP SURGERY,"13A LOWER STRABANE ROAD, CASTLEDERG",BT81 7AZ,Western,14949
618,Dr. DOHERTY                         ,49 CLARENDON STREET,LONDONDERRY,NULL,BT48 7ER,Western,2913
619,Dr. QUINN & PARTNERS                ,THE HEALTH CENTRE,SCROGGY ROAD,LIMAVADY,BT49 0NA,Western,5908
620,Dr. ETHERSON & PARTNERS             ,STRABANE HEALTH CENTRE,UPPER MAIN STREET,STRABANE,BT82 8AS,Western,6429
621,Dr. DEANE & PARTNER                 ,NORTHSIDE MEDICAL PRACTICE,"SHANTALLOW HEALTH CENTRE, RACECOURSE ROAD",LONDONDERRY,BT48 8NL,Western,3586
622,Dr. MCCLOSKEY & PARTNERS            ,"RACECOURSE MEDICAL, SHANTALLOW HEALTH CENTRE",RACECOURSE ROAD,LONDONDERRY,BT48 8NL,Western,4750
623,Dr. LEESON & PARTNERS               ,FOYLESIDE FAMILY PRACTICE,BRIDGE STREET MEDICAL CENTRE,"BRIDGE STREET, LONDONDERRY",BT48 6LD,Western,5989
624,Dr. O'FLAHERTY & PARTNERS           ,"GLENDERMOTT MEDICAL, WATERSIDE HEALTH CENTRE",SPENCER ROAD,LONDONDERRY,BT47 6AH,Western,7625
625,Dr. MCEVOY & PARTNER                ,BAYVIEW MEDICAL CENTRE,3 BAYVIEW TERRACE,LONDONDERRY,BT48 7EE,Western,4015
626,Dr. HEALY & PARTNERS                ,"RIVERFRONT MEDICAL, WATERSIDE HEALTH CENTRE",SPENCER ROAD,LONDONDERRY,BT47 6AH,Western,8802
627,Dr. MANNING & PARTNERS              ,EGLINTON MEDICAL PRACTICE,29 MAIN STREET,"EGLINTON, LONDONDERRY",BT47 3AB,Western,7380
629,Dr. HENDERSON & PARTNERS            ,THE HEALTH CENTRE,SCROGGY ROAD,LIMAVADY,BT49 0NA,Western,6984
651,Dr. MONAGHAN & PARTNERS             ,FINTONA GROUP PRACTICE,33 DROMORE ROAD,"FINTONA, OMAGH",BT78 2BB,Western,6680
652,Dr. RITCHIE & PARTNER               ,2H MAIN STREET,DRUMQUIN,CO TYRONE,BT78 4SB,Western,1959
654,Dr. POLLOCK & PARTNERS              ,GRANGE FAMILY PRACTICE,7 DONAGHANIE ROAD,OMAGH,BT79 0NR,NULL,6595
655,Dr. SCULLY                          ,23 OMAGH ROAD,DRUMQUIN,OMAGH,BT78 4QY,Western,1576
657,Dr. O'NEILL & PARTNERS              ,THREE SPIRES SURGERY,7 DONAGHANIE ROAD,OMAGH,BT79 0NR,NULL,10177
660,Dr. CORRY & PARTNERS                ,CARRICKMORE HEALTH CENTRE,TERMON ROAD,"CARRICKMORE, OMAGH",BT79 9JR,Western,9263
661,Dr. REILLY                          ,DROMORE SURGERY,16 CAMDERRY ROAD,"DROMORE, OMAGH",BT78 3AU,Western,5757
662,Dr. GALLAGHER & PARTNERS            ,DRUMRAGH FAMILY PRACTICE,7 DONAGHANIE ROAD,OMAGH,BT79 0NR,NULL,10749
663,Dr. DEEHAN & PARTNER                ,STRULE MEDICAL PRACTICE,7 DONAGHANIE ROAD,OMAGH,BT79 0NR,NULL,3094
664,Dr. HICKS & PARTNER                 ,41 MAIN STREET,PLUMBRIDGE,OMAGH,BT79 8DL,Western,3297
