PracNo,PracticeName,Address1,Address2,Address3,Postcode,LCG,Registered Patients
1,DR. D IRWIN,HOLYWOOD ARCHES HEALTH CENTRE,WESTMINSTER AVENUE,BELFAST,BT4 1NS,Belfast,1328
3,DR A MCCUTCHEON AND PARTNERS,HOLYWOOD ARCHES HEALTH CENTRE,WESTMINSTER AVE,BELFAST,BT4 1NS,Belfast,7007
5,DR E M CHRISTIE AND PARTNER,CASTLE MEDICAL CENTRE,35-45 CASTLEREAGH ROAD,BELFAST,BT5 5FB,Belfast,1552
6,Dr Browne & Partners,CARRYDUFF SURGERY,HILLSBOROUGH ROAD,CARRYDUFF  BELFAST,BT8 8HR,Belfast,10583
9,Dr Chapman & Partners,372 CREGAGH ROAD,BELFAST,NULL,BT6 9EY,Belfast,6992
10,Dr Wilson,TEMPLEMORE MEDICAL CENTRE,225 ALBERTBRIDGE ROAD,BELFAST,BT5 4PX,Belfast,2579
13,Drs Darragh & Coogan,TEMPLEMORE MEDICAL CENTRE,225 ALBERTBRIDGE ROAD,BELFAST,BT5 4PX,Belfast,3370
14,Dr Coulter & Partners,KERRSLAND SURGERY,169 UPPER NEWTOWNARDS ROAD,BELFAST,BT4 3HZ,Belfast,7564
15,Dr Gardner & Partners,54 HOLYWOOD ROAD,BELFAST,NULL,BT4 1NT,Belfast,5443
16,Dr Dunlop Halliday & Ross,KNOCK MEDICAL CENTRE,423B UPPER NEWTOWNARDS ROAD,BELFAST,BT4 3LH,Belfast,5358
17,Dr Mercer & Partners,HOLYWOOD ARCHES HEALTH CENTRE,WESTMINSTER AVENUE,BELFAST,BT4 1NS,Belfast,5340
18,Dr Hunter & Partners,"BRYSON STREET SURGERY, CITY EAST",68-72  NEWTOWNARDS ROAD,BELFAST,BT4 1GW,Belfast,6787
19,Drs Burke & Holmes,LINEN COURT SURGERY,336 BEERSBRIDGE ROAD,BELFAST,BT5 5DY,Belfast,3579
20,Drs Kyle & Courtney,HOLYWOOD ARCHES HEALTH CENTRE,WESTMINSTER AVENUE,BELFAST,BT4 1NS,Belfast,2980
23,Dr Bell & Partners,HARLAND MEDICAL PRACTICE,WESTMINSTER AVENUE,BELFAST,BT4 1NS,Belfast,5248
24,Dr H McKee,THE MOUNT PRACTICE,50 CASTLEREAGH STREET,BELFAST,BT5 4NH,Belfast,3008
28,Drs Gilmer & Craig,HOLYWOOD ARCHES HEALTH CENTRE,WESTMINSTER AVENUE,BELFAST,BT4 1NS,Belfast,3416
29,Drs Savage & McKinstry,CASTLEREAGH MEDICAL CENTRE,21 BALLYGOWAN  ROAD,BELFAST,BT5 7LH,Belfast,4977
30,Drs Baird & Stevens,EASTSIDE SURGERY,56 TEMPLEMORE AVENUE,BELFAST,BT5 4FT,Belfast,2928
31,Dr Callaghan & Partners,DUNDONALD MEDICAL CENTRE,16 CHURCH ROAD,"DUNDONALD, BELFAST",BT16 2LN,Belfast,6990
32,Dr McIlmoyle & Partners,WILLOWFIELD SURGERY,50/52 CASTLEREAGH ROAD,BELFAST,BT5 5FP,Belfast,3801
33,DR. RL MILLER AND PARTNERS,222 WOODSTOCK ROAD,BELFAST,NULL,BT6 9DL,Belfast,4519
36,Dr McComb,HOLYWOOD ARCHES HEALTH CENTRE,WESTMINSTER AVENUE,BELFAST,BT4 1NS,Belfast,1925
37,NULL,CHERRYVALLEY HEALTH CENTRE,KINGS SQUARE,BELFAST,BT5 7BP,Belfast,6690
38,Dr Morrison,CHERRYVALLEY HEALTH CENTRE,KINGS SQUARE,BELFAST,BT5 7BP,Belfast,2008
51,NULL,CORNERSTONE MEDICAL CENTRE,69 SHANKILL ROAD,BELFAST,BT13 1FD,Belfast,2403
52,Dr Rea & Partners,16 MCCANDLESS STREET,CRUMLIN ROAD,BELFAST,BT13 1RU,Belfast,2814
53,Dr B J Colgan,463 FALLS ROAD,BELFAST,NULL,BT12 6DD,Belfast,3000
55,Dr D O'Kane,THE HEALTH CENTRE,94-100 CRUMLIN ROAD,BELFAST,BT14 6AR,Belfast,1240
57,DR. JE CAMPBELL AND PARTNERS,THE CARRICKHILL MEDICAL CENTRE,1 CARRICK HILL,BELFAST,BT1 2JR,Belfast,4744
58,DR B J FARNAN & PARTNERS,THE GROUP SURGERY,257 NORTH QUEEN STREET,BELFAST,BT15 1HS,Belfast,5820
60,DR. GE BURNS AND PARTNER,165 DUNCAIRN GARDENS,BELFAST,CO ANTRIM,BT15 2GE,Belfast,2649
61,Dr Crossin & Partners,THE CARRICK HILL MEDICAL CENTRE,1 CARRICK HILL,BELFAST,BT1 2JR,Belfast,9940
62,NULL,THE HEALTH CENTRE,94-100 CRUMLIN ROAD,BELFAST,BT14 6AR,Belfast,1297
63,Drs McMullan & O'Donnell,WILLOW MEDICAL PRACTICE,155 ANDERSONSTOWN ROAD,BELFAST,BT11 9EA,Belfast,2892
64,Drs Donaghy & Murphy,DUNVILLE HEALTH CENTRE,309 GROSVENOR ROAD,BELFAST,BT12 4LP,Belfast,4254
66,NULL,"GROVE WELLBEING CENTRE, PARKSIDE SURGERY",120 YORK ROAD,BELFAST,BT15 3HF,Belfast,7071
68,Dr Crawford & Partners,136/138 SHANKILL ROAD,BELFAST,NULL,BT13 2BD,Belfast,2633
69,Drs Tan & McGirr (1),FLAX CENTRE,ARDOYNE AVENUE,BELFAST,BT14 7DA,Belfast,3148
70,Dr Rainey & Partners,BALLYSILLAN GROUP PRACTICE,156-158 BALLYSILLAN ROAD,BELFAST,BT14 7QR,Belfast,5415
71,NULL,463 SPRINGFIELD ROAD,BELFAST,NULL,BT12 7DP,Belfast,6256
72,Dr R H McKee,MOUNTAINVIEW SURGERY,585 CRUMLIN ROAD,BELFAST,BT14 7GB,Belfast,1838
73,NULL,CRUMLIN ROAD FAMILY PRACTICE,CRUMLIN ROAD HEALTH CENTRE,"94-100 CRUMLIN ROAD, BELFAST",BT14 6AR,Belfast,2350
74,Drs Ryan & Simpson,DR SIMPSON & DR BEATTIE,NORTHGATE FAMILY PRACTICE,"36 DUNCAIRN GARDENS, BELFAST",BT15 2GH,Belfast,2927
75,Dr Lenfestey & Partners,GROSVENOR ROAD SURGERY,216 GROSVENOR ROAD,BELFAST,BT12 5LT,Belfast,10312
79,Dr Bready & Partners,70 SPRINGFIELD ROAD,BELFAST,CO ANTRIM,BT12 7AH,Belfast,9046
80,DR. KB SWAIN AND PARTNERS,460 OLDPARK ROAD,BELFAST,NULL,BT14 6QG,Belfast,4583
81,Dr Giles & Partners,46 SPRINGFIELD ROAD,BELFAST,NULL,BT12 7AH,Belfast,7881
83,NULL,"GROVE WELLBEING CENTRE, GROVE MEDICAL PRACTICE",120 YORK ROAD,BELFAST,BT15 3HF,Belfast,6347
84,Drs Salters & Diamond,186 FALLS ROAD,BELFAST,NULL,BT12 6AG,Belfast,3664
85,Dr MacSorley & Partners,515 ANTRIM ROAD,BELFAST,NULL,BT15 3BS,Belfast,5378
86,Dr Brown & Partners,SALISBURY MEDICAL CENTRE,474 ANTRIM ROAD,BELFAST,BT15 5GF,Belfast,10486
92,NULL,BALLYOWEN HEALTH CENTRE,179 ANDERSONSTOWN ROAD,BELFAST,BT11 9EA,Belfast,5012
93,Dr Sharma & Partners,61 CLIFTONVILLE ROAD,BELFAST,NULL,BT14 6JN,Belfast,5978
94,Dr Cummings & Partners,115 FALLS ROAD,BELFAST,NULL,BT12 6AA,Belfast,7046
95,Dr S J McHugh,BALLYOWEN HEALTH CENTRE,179 ANDERSONSTOWN ROAD,BELFAST,BT11 9EA,Belfast,2688
96,NULL,MALVERN FAMILY PRACTICE,69 SHANKILL ROAD,BELFAST,BT13 1FD,Belfast,5725
98,Drs Wilson & McClure,THE LIGONIEL HEALTH CENTRE,74A LIGONIEL ROAD,BELFAST,BT14 8BY,Belfast,3762
101,Drs Toal & Watters,132-136 SANDY ROW,BELFAST,CO ANTRIM,BT12 5EY,Belfast,4903
103,Dr Donnelly & Partners,15/17 CLIFTON STREET,BELFAST,NULL,BT13 1AD,Belfast,9025
104,NULL,17 BALLYGOMARTIN ROAD,BELFAST,NULL,BT13 3BW,Belfast,7841
105,Dr Collins & Partners,OLD CHURCH PRACTICE,"2ND FLOOR, CORNERSTONE MEDICAL CENTRE","69 SHANKILL ROAD, BELFAST",BT13 1FD,Belfast,2521
111,NULL,2 THAMES STREET,BELFAST,CO ANTRIM,BT12 6AP,Belfast,2616
113,Dr Dugan,173 ANDERSONSTOWN ROAD,BELFAST,NULL,BT11 9EA,Belfast,4528
114,NULL,33 STEWARTSTOWN ROAD,BELFAST,NULL,BT11 9FZ,Belfast,6791
116,Dr Mulholland & Partners,CROCUS STREET SURGERY,1 CROCUS STREET,BELFAST,BT12 7AP,Belfast,4577
132,DR. S HOLMES AND PARTNERS,THE KELLY PRACTICE,1 DUNLUCE AVENUE,BELFAST,BT9 7HR,Belfast,4008
136,NULL,MOUNT ORIEL MEDICAL PRACTICE,KNOCKBREDA WTC,"110 SAINTFIELD ROAD, BELFAST",BT8 6GR,Belfast,6103
140,DR. R RODRIGUES AND PARTNERS,THE HEALTH CENTRE,1 DUNLUCE AVENUE,BELFAST,BT9 7HR,Belfast,8518
143,Dr Rowan & Partners,THE ROWAN TREE FAMILY PRACTICE,1 DUNLUCE AVENUE,BELFAST,BT9 7HR,Belfast,5783
144,Dr A T Dawson,RAVENBANK SURGERY,113 RAVENHILL ROAD,BELFAST,BT6 8DR,Belfast,1600
145,NULL,15A DONEGALL ROAD,BELFAST,NULL,BT12 5JJ,Belfast,7562
146,Drs Boyd & Hamilton,BALMORAL SURGERY,436 LISBURN ROAD,BELFAST,BT9 6GR,Belfast,4048
147,Dr Dean & Partners,281 ORMEAU ROAD,BELFAST,NULL,BT7 3GG,Belfast,7706
148,Drs Rutherford & McFarland,THE SURGERY,1B DRUMART SQUARE,BELVOIR ESTATE,BT8 7EY,Belfast,2156
151,Dr Irwin & Partners,THE HEALTH CENTRE,13/25 FINAGHY ROAD SOUTH,BELFAST,BT10 0BX,Belfast,13511
153,Dr McDonnell & Partners,ORMEAU ROAD HEALTH CENTRE,120 ORMEAU ROAD,BELFAST,BT7 2EB,Belfast,9396
154,Drs McCauley & Toland,142 - 144 UNIVERSITY STREET,BELFAST,NULL,BT7 1HH,Belfast,4869
156,Dr Chakravarty & Partners,BALLYOWEN HEALTH CENTRE,179 ANDERSONSTOWN ROAD,BELFAST,BT11 9EA,Belfast,7500
157,NULL,UNIVERSITY HEALTH CENTRE AT QUEENS,ELMWOOD MANSE,"7 UNIVERSITY TERRACE, BELFAST",BT7 1NP,Belfast,10018
159,Dr Corkey & Partners,485 ORMEAU ROAD,BELFAST,NULL,BT7 3GR,Belfast,5978
162,Drs Collier & Thompson,10/12 LISBURN ROAD,BELFAST,CO ANTRIM,BT9 6AA,Belfast,2467
164,Dr E Murdock,CREGAGH SURGERY,36 MONTGOMERY ROAD,BELFAST,BT6 9HL,Belfast,3193
165,Dr Cashell & Partners,6 NORTH PARADE,BELFAST,NULL,BT7 2GG,Belfast,8140
166,Dr E Cullen,BOTANIC MEDICAL CENTRE,51 BOTANIC AVENUE,BELFAST,BT7 1JL,Belfast,2523
191,DR R T S HARRISON  PARTNERS,THE MONTALTO MEDICAL CENTRE,2 DROMORE ROAD,BALLYNAHINCH,BT24 8AY,South Eastern,10002
192,Dr J McGill,KILLYLEAGH SURGERY,14 DOWNPATRICK ROAD,"KILLYLEAGH, DOWNPATRICK",BT30 9RG,South Eastern,4730
193,Dr Greer & Partners,14 CHURCH VIEW,DUNDRUM,NEWCASTLE,BT33 0NA,South Eastern,8707
194,Drs Hyland & Denvir,THE SURGERY,CAUSEWAY PLACE,NEWCASTLE,BT33 0DN,South Eastern,1993
195,Dr J M Kyle,THE SURGERY,CAUSEWAY PLACE,NEWCASTLE,BT33 0DN,South Eastern,1708
196,DR. M MURPHY,THE HEALTH CENTRE,DOWNPATRICK ROAD,ARDGLASS,BT30 7SF,South Eastern,3145
198,Dr Ross & Partners,THE HEALTH CENTRE,FAIRVIEW,"SAINTFIELD, BALLYNAHINCH",BT24 7AD,South Eastern,8493
201,Dr Bready & Partners,DONARD FAMILY PRACTICE,56 MAIN STREET,"NEWCASTLE, CO DOWN",BT33 0AE,South Eastern,11712
202,Drs Moore & Small,GP & PRIMARY CARE CENTRE,"FIRST FLOOR, DOWN HOSPITAL","STRUELL WELLS ROAD, DOWNPATRICK",BT30 6RL,South Eastern,3681
204,Drs Mulhall & Deeny,THE SURGERY,12 THE GREEN,"IRISH STREET, DOWNPATRICK",BT30 6BE,South Eastern,4760
205,Dr Phillips & Partners,THE SURGERY,JAMES STREET,"CROSSGAR, DOWNPATRICK",BT30 9JU,South Eastern,4865
206,Drs Hannah & McGoldrick,GP & PRIMARY CARE CENTRE,"FIRST FLOOR, DOWN HOSPITAL","STRUELL WELLS ROAD, DOWNPATRICK",BT30 6RL,South Eastern,4767
207,Drs Harney & Harney,STREAM STREET SURGERY,40 STREAM STREET,DOWNPATRICK,BT30 6DE,South Eastern,4858
221,DR. A SMYLIE AND PARTNERS,HEALTH CENTRE,BALLYNAHINCH ST,HILLSBOROUGH,BT26 6AW,South Eastern,9289
222,Dr Bradley & Partners,WOODBROOK MEDICAL PRACTICE,STEWARTSTOWN ROAD,DUNMURRY  BELFAST,BT17 0FB,South Eastern,8603
223,Drs Walmsley & Carson,THE HEALTH CENTRE,LINENHALL STREET,LISBURN,BT28 1LU,South Eastern,3726
224,Dr Cowan & Partners,THE HEALTH CENTRE,LINENHALL STREET,LISBURN,BT28 1LU,South Eastern,6979
226,Dr Hicks & Partners,THE SURGERY,BEGNEY HILL ROAD,DROMARA,BT25 2AT,South Eastern,7998
227,Dr Jefferson & Partners,THE HEALTH CENTRE,LINENHALL STREET,LISBURN,BT28 1LU,South Eastern,11474
228,Drs Forde & Doherty,THE HEALTH CENTRE,LINENHALL STREET,LISBURN,BT28 1LU,South Eastern,4188
229,Dr Greene & Partners,THE HEALTH CENTRE,LINENHALL STREET,LISBURN,BT28 1LU,South Eastern,8720
230,DR. JS HENRY AND PARTNERS,THE HEALTH CENTRE,LINENHALL STREET,LISBURN,BT28 1LU,South Eastern,5197
231,DR. G M WILSON & PARTNERS,THE HEALTH CENTRE,LINENHALL STREET,LISBURN,BT28 1LU,South Eastern,9919
232,Dr Dick & Partners,192 KINGSWAY,DUNMURRY,BELFAST,BT17 9AL,South Eastern,7709
233,DR. OT GALLAGHER AND PARTNER,GLENAVY FAMILY PRACTICE,47 MAIN STREET,"GLENAVY, CRUMLIN",BT29 4LN,South Eastern,4655
234,Drs Patterson & Vaughan,THE HEALTH CENTRE,LINENHALL STREET,LISBURN,BT28 1LU,South Eastern,1830
252,Dr Lavery & Partners,PRIORY SURGERY,26 HIGH STREET,HOLYWOOD,BT18 9AD,South Eastern,14702
253,DR. WJS BAIRD AND PARTNERS,THE HEALTH CENTRE,NEWTOWNARDS ROAD,BANGOR,BT20 4LD,South Eastern,7678
254,Dr Donaldson & Partners,24 LISBARNETT ROAD,LISBANE,NEWTOWNARDS,BT23 6AW,South Eastern,4002
255,Dr H C Johnston & Partners,THE HEALTH CENTRE,NEWTOWNARDS ROAD,BANGOR,BT20 4LD,South Eastern,5367
256,NULL,140 GROOMSPORT ROAD,BANGOR,CO DOWN,BT20 5PE,South Eastern,5462
257,Dr Kane & Partners,THE SURGERY,BROOK STREET,HOLYWOOD,BT18 9DA,South Eastern,7737
258,Drs Drew & Nicol,THE HEALTH CENTRE,NEWTOWNARDS ROAD,BANGOR,BT20 4LD,South Eastern,4989
259,DR. D COMPTON AND PARTNER,CUAN FAMILY PRACTICE,44 HIGH STREET,"PORTAFERRY, NEWTOWNARDS",BT22 1QT,South Eastern,3834
260,Dr Douglas & Partners,THE HEALTH CENTRE,NEWTOWNARDS ROAD,BANGOR,BT20 4LD,South Eastern,7328
261,NULL,KILLYNETHER PRACTICE,2A FREDERICK STREET,NEWTOWNARDS,BT23 4LR,South Eastern,6110
263,Dr J Bissett,DR ROBERT HENRY SURGERY,7A NEWTOWNARDS ROAD,"COMBER, NEWTOWNARDS",BT23 5AU,South Eastern,1828
264,Dr N Majury,SILVERBIRCH MEDICAL PRACTICE,39A SILVERBIRCH ROAD,BANGOR,BT19 6EU,South Eastern,2883
265,NULL,THE SURGERY,1 CHURCH STREET,NEWTOWNARDS,BT23 4FH,South Eastern,4170
267,NULL,THE HEALTH CENTRE,5 NEWTOWNARDS ROAD,"COMBER, NEWTOWNARDS",BT23 5BA,South Eastern,2606
271,Dr Lees & Partners,OLD MILL SURGERY,CHURCH STREET,NEWTOWNARDS,BT23 4AS,South Eastern,10317
272,Dr G F B Horner & Partners,16 A THE SQUARE,COMBER,NEWTOWNARDS,BT23 5DT,South Eastern,6408
273,Drs Leonard & McMillan,THE HEALTH CENTRE,5 NEWTOWNARDS ROAD,"COMBER, NEWTOWNARDS",BT23 5BA,South Eastern,2951
274,Dr  Laird & Partners,BLOOMFIELD SURGERY,95 BLOOMFIELD ROAD,BANGOR,BT20 4XA,South Eastern,10300
275,Drs McCarthy & Webb,REGENCY MEDICAL CENTRE,2A FREDERICK STREET,NEWTOWNARDS,BT23 4LR,South Eastern,4605
276,Dr J Miller & Partners,DONAGHADEE HEALTH CENTRE,3 KILLAUGHEY ROAD,DONAGHADEE,BT21 0BU,South Eastern,8911
278,NULL,THE SURGERY,1 CHURCH STREET,NEWTOWNARDS,BT23 4FH,South Eastern,4389
279,Dr Peacock & Partners,WINDMILL SURGERY,44 HIGH STREET,PORTAFERRY,BT22 1QT,South Eastern,2484
280,Drs Thompson & McMinn,THE HEALTH CENTRE,NEWTOWNARDS ROAD,BANGOR,BT20 4LD,South Eastern,5186
281,NULL,CLELAND PARK SURGERY,2 CLELAND PARK,BANGOR,BT20 3EB,South Eastern,5481
282,Drs Steele & Hughes,THE HEALTH CENTRE,FOWLER WAY,"BALLYWALTER, NEWTOWNARDS",BT22 2PY,South Eastern,5059
283,Dr Steele & Partners,LOUGH VIEW SURGERY,2 MAIN STREET,"KIRCUBBIN, NEWTOWNARDS",BT22 2SP,South Eastern,5643
284,Drs Armstrong & Stelfox,THE SURGERY,1 CHURCH STREET,NEWTOWNARDS,BT23 4FH,South Eastern,3004
285,NULL,GREEN ROAD MEDICAL CENTRE,5 GREEN ROAD,"CONLIG, NEWTOWNARDS",BT23 7PZ,South Eastern,2988
302,Dr Green & Partners,THE SURGERY,80 CASTLETON,TEMPLEPATRICK,BT39 0AZ,Northern,8816
303,Dr Hyndman & Partners,1 GLENAVY ROAD,CRUMLIN,CO ANTRIM,BT29 4LA,Northern,7300
304,NULL,"MAINE MEDICAL, THE HEALTH CENTRE",PORTGLENONE ROAD,"AHOGHILL, BALLYMENA",BT42 1LE,Northern,4854
305,NULL,THE HEALTH CENTRE,CUSHENDALL ROAD,BALLYMENA,BT43 6HQ,Northern,3543
307,DR W HOGG AND PARTNER,"CASTLE MEDICAL PRACTICE, ANTRIM HEALTH CENTRE",32A STATION ROAD,ANTRIM,BT41 4BS,Northern,4031
308,DR. HUNTER AND PARTNERS,ORIEL SURGERY,31 ORIEL ROAD,ANTRIM,BT41 4HR,Northern,5696
310,Dr Allen & Partners,CULLYBACKEY HEALTH CENTRE,TOBER PARK,"CULLYBACKEY, BALLYMENA",BT42 1NW,Northern,7324
311,Drs Magowan & Magowan,THE SURGERY,77 GALGORM ROAD,BALLYMENA,BT42 1AA,Northern,2511
312,NULL,THE HEALTH CENTRE,CUSHENDALL ROAD,BALLYMENA,BT43 6HQ,Northern,2539
313,Drs Russell & Simms,THE GABLES,45 WAVENEY ROAD,BALLYMENA,BT43 5BA,Northern,3394
314,NULL,THE HEALTH CENTRE,CUSHENDALL ROAD,BALLYMENA,BT43 6HQ,Northern,4371
315,NULL,CUSHENDALL ROAD,BALLYMENA,CO ANTRIM,BT43 6HQ,Northern,3151
317,Dr Redmond & Partners,THE HEALTH CENTRE,76 MAIN STREET,BROUGHSHANE BALLYMENA,BT42 4JA,Northern,6554
319,DR. W.J.C.WILSON AND PARTNERS,PORTGLENONE HEALTH CENTRE,17 TOWNHILL ROAD,"PORTGLENONE, BALLYMENA",BT44 8AD,Northern,6690
321,NULL,THE HEALTH CENTRE,CUSHENDALL ROAD,BALLYMENA,BT43 6HQ,Northern,4178
323,Dr J D Simpson,SMITHFIELD MEDICAL CENTRE,7 SMITHFIELD PLACE,"GALGORM ROAD, BALLYMENA",BT43 5HB,Northern,2364
325,Dr R H Bill,KELLS & CONNOR MEDICAL CENTRE,36 CHURCH ROAD,"KELLS, BALLYMENA",BT42 3JU,Northern,3568
326,DR. MCCUSKER AND PARTNERS,THE FAMILY PRACTICE,THE HEALTH CENTRE,"STATION ROAD, ANTRIM",BT41 4BS,Northern,5618
327,Drs Leggett & Kidd,THE HEALTH CENTRE,STATION ROAD,ANTRIM,BT41 4BS,Northern,3459
328,NULL,MAINE MEDICAL PRACTICE,"OLD MILL PARK, MAIN STREET","CULLYBACKEY, BALLYMENA",BT42 1GP,Northern,5064
329,DR. HUTCHINSON & PARTNER,THE HEALTH CENTRE,STATION ROAD,ANTRIM,BT41 4BS,Northern,3561
330,Drs Turk & McKenna,THE HEALTH CENTRE,STATION ROAD, ANTRIM,BT41 4BS,Northern,4785
331,Drs Huey & Khanna,BRAID FAMILY PRACTICE,CUSHENDALL ROAD,BALLYMENA,BT43 6HQ,Northern,4086
333,DR D S RAINEY,THE SURGERY,"TOOME HOUSE, 55 MAIN STREET","TOOMEBRIDGE, ANTRIM",BT41 3TF,Northern,3268
334,Dr McIlroy & Partners,THE HEALTH CENTRE,5 NEILLSBROOK ROAD,"RANDALSTOWN, ANTRIM",BT41 3AE,Northern,10344
336,Dr Hegan & Partners,2 MALLUSK ROAD,NEWTOWNABBEY,NULL,BT36 4PP,Northern,8347
337,DR KYLE AND PARTNERS,GLENGORMLEY PRACTICE,324 ANTRIM ROAD,NEWTOWNABBEY,BT36 5EQ,Northern,8368
341,DR. BECK AND PARTNERS,THE HEALTH CENTRE,CASTLEROCK ROAD,COLERAINE,BT51 3HP,Northern,5011
344,NULL,KILLOWEN MEDICAL CENTRE,CASTLEROCK ROAD,COLERAINE,BT51 3HP,Northern,5451
345,Dr Johnston & Partners,BALLYMONEY FAMILY PRACTICE,BALLYMONEY HEALTH CENTRE,"21B NEWAL ROAD, BALLYMONEY",BT53 6HB,Northern,12254
346,Dr Shannon & Partners,LODGE HEALTH,20 LODGE MANOR,COLERAINE,BT52 1JX,Northern,10269
349,Dr Lynch &  Partners,THE COUNTRY MEDICAL PRACTICE,122 BALLINLEA ROAD,"ARMOY, BALLYMONEY",BT53 8TY,Northern,6068
350,Drs Wee & Brown,6 PRIESTLAND ROAD,BUSHMILLS,NULL,BT57 8QP,Northern,2887
351,DR. JS BAILIE AND PARTNERS,PORTRUSH MEDICAL CENTRE,17 DUNLUCE AVENUE,PORTRUSH,BT56 8DW,Northern,7337
352,Dr Kerr & Partners,GARVAGH HEALTH CENTRE,110 MAIN STREET,"GARVAGH, COLERAINE",BT51 5AE,Northern,5940
354,Drs J Harley & D Harley,THE FAMILY PRACTICE,6 LEVER ROAD,PORTSTEWART,BT55 7EF,Northern,3188
355,Dr McGurk & Partners,THE HEALTH CENTRE,36 GARVAGH ROAD,"KILREA, COLERAINE",BT51 5QP,Northern,6799
356,Dr Turner &  Partners,4 MOUNTSANDEL ROAD,COLERAINE,CO LONDONDERRY,BT52 1JB,Northern,11483
357,Dr McSparran & Partners,GLENS OF ANTRIM MEDICAL CENTRE,2 GORTACLEE ROAD,"CUSHENDALL, BALLYMENA",BT44 0TE,Northern,5144
358,Drs Nutt & Siberry,LIFFOCK,69 SEA ROAD,"CASTLEROCK, COLERAINE",BT51 4TW,Northern,2691
360,Drs Henderson & Young,THE HEALTH CENTRE,10 MONEYLECK ROAD,"RASHARKIN, BALLYMENA",BT44 8QB,Northern,4300
361,Dr Fannin & Partners,THE HEALTH CENTRE,ROBINSON MEMORIAL HOSPITAL,BALLYMONEY,BT53 6HH,Northern,5333
366,NULL,THE HEALTH CENTRE,DALRIADA HOSPITAL,BALLYCASTLE,BT54 6BA,Northern,3913
367,Drs McCurdy & Armstrong,THE FROCESS MEDICAL CENTRE,56 MAIN STREET,"CLOUGHMILLS, BALLYMENA",BT44 9LF,Northern,4408
368,Dr Bell & Partners,THE HEALTH CENTRE,DALRIADA HOSPITAL,BALLYCASTLE,BT54 6BA,Northern,4790
369,Dr Carlin & Partners,PORTSTEWART MEDICAL CENTRE,MILL ROAD,PORTSTEWART,BT55 7SW,Northern,4146
382,Dr Esler & Partners,MEADOWBRIDGE SURGERY,SLAUGHTERFORD ROAD,"WHITEHEAD, CARRICKFERGUS",BT38 9TG,Northern,8982
384,Drs Mitchell & Swan,"BLACKARCH SURGERY, LARNE HEALTH CENTRE",GLOUCESTER AVENUE,LARNE,BT40 1PB,Northern,2014
385,Dr Gamble & Partners,OLD SCHOOL SURGERY,54 STATION ROAD,GREENISLAND,BT38 8TP,Northern,9615
386,Dr B D Glover,CLONEY,GLENARM,BALLYMENA CO ANTRIM,BT44 0AB,Northern,2008
387,DR. FERGUSON AND PARTNERS,THE HEALTH CENTRE,TAYLORS AVENUE,CARRICKFERGUS,BT38 7HT,Northern,7305
388,Dr Dunn & Partners,INVER SURGERY,MOYLE MEDICAL CENTRE,OLD GLENARM ROAD,BT40 1XH,Northern,4911
389,Dr McIlroy & Partners,CORRAN SURGERY,MOYLE MEDICAL CENTRE,OLD GLENARM ROAD,BT40 1XH,Northern,6030
390,DR. BRADLEY AND PARTNERS,THE HEALTH CENTRE,TAYLORS AVENUE,CARRICKFERGUS,BT38 7HT,Northern,14773
391,Dr Crory & Partners,VICTORIA SURGERY,MOYLE MEDICAL CENTRE,OLD GLENARM ROAD,BT40 1XH,Northern,5609
393,Dr Craig & Partners,THE HEALTH CENTRE,GLOUCESTER AVENUE,LARNE,BT40 1PB,Northern,2971
394,Drs Howie & Carlisle,THE HEALTH CENTRE,GLOUCESTER AVENUE,LARNE,BT40 1PB,Northern,4005
395,NULL,ROCKFIELD MEDICAL CENTRE,BALLYMENA,NULL,BT43 6JD,Northern,4301
396,NULL,OLD BANK SURGERY,97 MILL STREET,BALLYMENA,BT43 5AF,Northern,3751
401,Dr Smyth & Partners,THE HEALTH CENTRE,52 ORRITOR ROAD,COOKSTOWN,BT80 8BN,Northern,6397
402,Dr White & Partners,DRAPERSTOWN SURGERY,6 TOBERMORE ROAD,"DRAPERSTOWN, MAGHERAFELT",BT45 7AG,Northern,8270
404,Dr Finch & Partners,67 URBAL ROAD,COAGH,COOKSTOWN,BT80 0DP,Northern,5112
405,Drs McKeever &Flanigan,LOY MEDICAL CENTRE,8 LOY STREET,COOKSTOWN,BT80 8PE,Northern,5550
406,Dr Glancy & Partners,29 GARDEN STREET,MAGHERAFELT,CO LONDONDERRY,BT45 5DD,Northern,9037
407,Dr O'Kane & Partners,OAKS FAMILY PRACTICE CENTRE,48 ORRITOR ROAD,COOKSTOWN,BT80 8BH,Northern,7477
409,Drs McCoy & McCammon,THE HEALTH CENTRE,50 HILLHEAD,"STEWARTSTOWN, DUNGANNON",BT71 5HY,Northern,5436
410,Dr Overend & Partners,MAGHERA MEDICAL CENTRE,25 CHURCH STREET,MAGHERA,BT46 5EA,Northern,8190
412,Drs Ramsey & Johnston,THE DIAMOND MEDICAL CENTRE,MARKET SQUARE,MAGHERAFELT,BT45 6ED,Northern,8963
413,Dr R Graham,LOY BUILDINGS,18 LOY STREET,COOKSTOWN,BT80 8PE,Northern,2318
417,Dr Barker & Partners,THE SURGERY,STATION ROAD,"CASTLEDAWSON, MAGHERAFELT",BT45 8AZ,Northern,6734
419,Dr M A Charlton,FAIR HILL HEALTH CENTRE,MAGHERAFELT,CO LONDONDERRY,BT45 6BL,Northern,1766
420,Drs Miller & Kuriacose,MONEYMORE  MEDICAL PRACTICE,3 FAIRHILL,MONEYMORE,BT45 7LJ,Northern,5515
431,DR. CROSBIE AND PARTNERS,WHITEHOUSE MEDICAL GROUP PRACTICE,"UNIT 29A, FIRST FLOOR, ABBEYCENTRE","LONGWOOD ROAD, NEWTOWNABBEY",BT37 9UH,Northern,9059
433,Dr Rafferty & Partners,THE HEALTH CENTRE,GEORGE AVENUE,BALLYCLARE,BT39 9HL,Northern,14995
434,Dr Farrell & Partners,ABBOTS CROSS MEDICAL PRACTICE,92 DOAGH ROAD,NEWTOWNABBEY,BT37 9QW,Northern,7699
438,Dr Neary & Partners,TRAMWAYS MEDICAL CENTRE,FARMLEY ROAD,NEWTOWNABBEY,BT36 7XX,Northern,10330
440,DR. A.J. DARRAH AND PARTNERS,NOTTING HILL MEDICAL PRACTICE,DOAGH ROAD,NEWTOWNABBEY,BT37 9QN,Northern,10467
451,NULL,BROWNLOW HEALTH CENTRE,1 LEGAHORY CENTRE,LEGAHORY,BT65 5BE,Southern,5639
453,NULL,BANBRIDGE GROUP SURGERY,1 OLD HOSPITAL ROAD,BANBRIDGE,BT32 3GN,Southern,3928
454,Dr Cupples & Partners,THE SURGERY,11 MAIN STREET,LOUGHBRICKLAND,BT32 3NQ,Southern,8662
455,Dr Logan & Partners,THE HEALTH CENTRE,CASTLEVIEW,"GILFORD, CRAIGAVON",BT63 6JS,Southern,5185
457,Dr Rice & Partners,WYNNE HILL SURGERY,51 HILL STREET,"LURGAN, CRAIGAVON",BT66 6BW,Southern,11829
458,Drs Gray & Troughton,THE HEALTH CENTRE,TAVANAGH AVENUE,PORTADOWN,BT62 3BU,Southern,5124
460,NULL,60A MAIN STREET,DONAGHCLONEY,CRAIGAVON,BT66 7LR,Southern,4344
461,Drs McAuley & Moore,THE HEALTH CENTRE,TAVANAGH AVENUE,"PORTADOWN, CRAIGAVON",BT62 3BU,Southern,3308
462,Dr Davidson & Partners,60 HIGH STREET,LURGAN,CRAIGAVON,BT66 8BA,Southern,9393
463,Dr Wilson & Partners,THE SURGERY,7 MOORES LANE,"LURGAN, CRAIGAVON",BT66 8DW,Southern,4640
464,Drs McAnallen & McAnallen,THE HEALTH CENTRE,TAVANAGH AVENUE,"PORTADOWN, CRAIGAVON",BT62 3BU,Southern,4976
465,Dr Wilson & Partners,28 CHURCH WALK,LURGAN,CRAIGAVON,BT67 9AA,Southern,8268
466,Drs Hunter & Hunter,BROWNLOW MEDICAL PRACTICE,BROWNLOW HEALTH CENTRE,"1 LEGAHORY CENTRE, LEGAHORY",BT65 5BE,Southern,2946
467,Drs Southwell & Zubier,87/89 WILLIAM STREET,LURGAN,CRAIGAVON,BT66 6JB,Southern,5289
469,NULL,BANBRIDGE GROUP SURGERY,1 OLD HOSPITAL ROAD,BANBRIDGE,BT32 3GN,Southern,8366
470,Dr Adams & Partners,THE HEALTH CENTRE,TAVANAGH AVENUE,"PORTADOWN, CRAIGAVON",BT62 3BU,Southern,13260
471,Dr Connolly & Partners,BANBRIDGE GROUP SURGERY,1 OLD HOSPITAL ROAD,BANBRIDGE,BT32 3GN,Southern,7622
472,Drs Murray & Mullan,SCARVA STREET SURGERY,60 SCARVA STREET,LOUGHBRICKLAND,BT32 3NH,Southern,2851
473,Dr Davis & Partners,52 MAIN STREET,MOIRA,CRAIGAVON,BT67 0LQ,South Eastern,8826
474,Dr McNeice & Partners,50 GALLOWS STREET,DROMORE,CO DOWN,BT25 1BD,Southern,7738
475,Dr Wilson & Partners,8a LURGAN ROAD,AGHALEE,CRAIGAVON,BT67 0DD,South Eastern,5028
476,Dr J A J Chestnutt,THE SURGERY,32 STATION ROAD,"BALLYWARD, CASTLEWELLAN",BT31 9TU,Southern,2440
477,Dr McConnell & Partners,THE HEALTH CENTRE,TAVANAGH AVENUE,"PORTADOWN, CRAIGAVON",BT62 3BU,Southern,4800
478,Dr Good & Partners,THE HEALTH CENTRE,TAVANAGH AVENUE,"PORTADOWN, CRAIGAVON",BT62 3BU,Southern,5129
479,Dr Burnett & Partners,THE HEALTH CENTRE,TAVANAGH AVENUE,"PORTADOWN, CRAIGAVON",BT62 3BU,Southern,4881
481,Dr J D Adams,THE HEALTH CENTRE,TAVANAGH AVENUE,"PORTADOWN, CRAIGAVON",BT62 3BU,Southern,2933
482,Drs Gormley & McCloskey,THE OLD SCHOOL HOUSE MEDICAL CENTRE,1 ANTRIM ROAD,LURGAN,BT67 9BW,Southern,4298
491,Dr Beckett & Partners,ABBEY COURT SURGERY,DOBBIN LANE,ARMAGH,BT61 7QG,Southern,7581
493,NULL,NORTHLAND SURGERY,79 CUNNINGHAMS LANE,DUNGANNON,BT71 6BX,Southern,8667
494,Dr Boyd & Partners,THE VALLEY MEDICAL PRACTICE,20 COONEEN ROAD,FIVEMILETOWN,BT75 0ND,Southern,4196
495,Dr Ahmed & Partners,CAMPBELL SURGERY,10 QUARRY LANE,DUNGANNON,BT70 1HX,Southern,9847
497,DR. MS CHAMBERS AND PARTNERS,WILLOWBANK,KEADY,CO ARMAGH,BT60 3RL,Southern,9163
498,DR. LA HOBSON AND PARTNER,MCSHANE AND CAMPBELL PRACTICE,"MOY HEALTH CENTRE, CHARLEMONT STREET",MOY,BT71 7SL,Southern,3623
499,Drs Nugent & Irvine,ERRIGAL MEDICAL CENTRE,OLD DUNGANNON ROAD,"BALLYGAWLEY,DUNGANNON",BT70 2EY,Southern,3502
500,NULL,22 BARRACK STREET,COALISLAND,DUNGANNON,BT71 4LS,Southern,2142
501,Dr McConville & Partners,MOY MEDICAL PRACTICE,CHARLEMONT STREET,MOY,BT71 7SL,Southern,2356
502,ers,15 DARTAN REE,TYNAN,ARMAGH,BT60 4QT,Southern,5390
503,Dr Wright & Partners,THE HEALTH CENTRE,NEWRY STREET,"MARKETHILL, ARMAGH",BT60 1TA,Southern,6066
504,NULL,MOY MEDICAL CENTRE,CHARLEMONT STREET,"MOY, DUNGANNON",BT71 7SL,Southern,3450
505,Drs O'Loughlin & Partners,PARKVIEW SURGERY,"SOUTH TYRONE HOSPITAL SITE, CARLAND ROAD,",DUNGANNON,BT71 4AU,Southern,9241
506,Drs McCord & Gribben,2 SYDNEY LANE,AUGHNACLOY,CO TYRONE,BT69 6AF,Southern,4801
507,Dr B Watters,THE HEALTH CENTRE,24A TASSAGH ROAD,KEADY,BT60 3TU,Southern,2583
508,Drs Good & Good,TANDRAGEE MEDICAL CENTRE,3 MONTAGUE STREET,"TANDRAGEE, CRAIGAVON",BT62 2AN,Southern,3533
509,Dr McKay & Partners,57 THOMAS STREET,DUNGANNON,CO TYRONE,BT70 1HW,Southern,6039
512,NULL,THE MEDICAL CENTRE,15 BARRACK STREET,"COALISLAND, DUNGANNON",BT71 4LS,Southern,4158
514,Dr Garvin & Partners,THE ARCHWAY SURGERY,DOBBIN LANE,ARMAGH,BT61 7QG,Southern,7771
515,Dr Turtle & Partners,THE HEALTH CENTRE,"6 GREENVIEW, MAYNOOTH ROAD","RICHHILL,  ARMAGH",BT61 9PD,Southern,5294
516,NULL,THE FRIARY SURGERY,DOBBIN LANE,ARMAGH,BT61 7QG,Southern,9089
517,Dr S R C Murty,39 THOMAS STREET,DUNGANNON,CO TYRONE,BT70 1HN,Southern,2291
519,Dr McKenna & Partners,THE SURGERY,10A LINESIDE,"COALISLAND, DUNGANNON",BT71 4LP,Southern,3913
526,Drs Henry & McAreavy,CORNMARKET SURGERY,NEWRY HEALTH VILLAGE,MONAGHAN STREET,BT35 6BW,Southern,4896
528,NULL,THE HEALTH CENTRE,MCCORMICK PLACE,"CROSSMAGLEN, NEWRY",BT35 9HD,Southern,5126
529,Dr Mackle & Partners,CORNMARKET SURGERY,NEWRY HEALTH VILLAGE,MONAGHAN STREET,BT35 6BW,Southern,6460
530,NULL,THE HEALTH CENTRE,JOHN STREET,"RATHFRILAND, NEWRY",BT34 5QH,Southern,2060
531,Drs Allen & Keown,14 KILKEEL ROAD,ANNALONG,NEWRY,BT34 4TH,Southern,4030
532,Dr Woods & Partners,KILKEEL PRIMARY CARE CENTRE,GREENCASTLE STREET,"KILKEEL, NEWRY",BT34 4BH,Southern,3827
533,NULL,6 DRUMINTEE ROAD,MEIGH,NEWRY,BT35 8SJ,Southern,2605
534,Dr Digney & Partners,CLANRYE SURGERY,NEWRY HEALTH VILLAGE,MONAGHAN STREET,BT35 6BW,Southern,8858
535,NULL,THE HEALTH CENTRE,JOHN STREET,"RATHFRILAND, NEWRY",BT34 5QH,Southern,3634
536,DR. DH GAW AND PARTNERS,SUMMER HILL SURGERY,50 GREAT GEORGES STREET,"WARRENPOINT, NEWRY",BT34 3HS,Southern,7849
537,Dr McVerry & Partners,MCVERRY/MCEVOY MEDICAL CENTRE,NEWRY HEALTH VILLAGE,"MONAGHAN STREET, NEWRY",BT35 6BW,Southern,9308
539,Drs McDowell & Forshaw,CLANRYE SURGERY,NEWRY HEALTH VILLAGE,"MONAGHAN STREET, NEWRY",BT35 6BW,Southern,4641
540,Dr O'Neill & Partners,MEADOWLANDS SURGERY,MONAGHAN STREET,NEWRY,BT35 6BW,Southern,7331
541,NULL,RATHFRILAND SURGERY,9 CASTLEWELLAN ROAD,"RATHFRILAND, NEWRY",BT34 5LY,Southern,2588
542,Dr O'Leary & Partners,53 DUNDALK STREET,NEWTOWNHAMILTON,NEWRY,BT35 0PB,Southern,3664
543,NULL,THE HEALTH CENTRE,SUMMERHILL,"WARRENPOINT, NEWRY",BT34 3JD,Southern,4396
544,Dr Reynolds & Partners,CORNMARKET SURGERY,NEWRY HEALTH VILLAGE,MONAGHAN STREET,BT35 6BW,Southern,7054
545,Drs Maguire & Deane,MAPHONER SURGERY,2A FORKHILL ROAD,"MULLAGHBAWN, NEWRY",BT35 9RA,Southern,5014
546,NULL,CLANRYE SURGERY,NEWRY HEALTH VILLAGE,MONAGHAN STREET,BT35 6BW,Southern,2410
547,Drs Shannon & Shannon,THE HEALTH CENTRE,JOHN STREET,"RATHFRILAND, NEWRY",BT34 5QH,Southern,2978
549,DR. AO MULHOLLAND AND PARTNER,THE HEALTH CENTRE,2A MARKETHILL ROAD,"NEWTOWNHAMILTON, NEWRY",BT35 0BE,Southern,4181
551,Dr P M Fee,RATHKEELAND HOUSE,1 BLANEY ROAD,"CROSSMAGLEN, NEWRY",BT35 9JJ,Southern,3455
553,Dr M Bonner,MARINA SURGERY,15 HAVELOCK PLACE,"WARRENPOINT, NEWRY",BT34 3NE,Southern,2304
554,Drs Poots & O'Loughlin,MOURNE FAMILY SURGERY,"MOURNE HOSPITAL, NEWRY STREET","KILKEEL,NEWRY",BT34 4DN,Southern,3991
555,NULL,KILKEEL PRIMARY CARE CENTRE,GREENCASTLE STREET,"KILKEEL, NEWRY",BT34 4BH,Southern,1823
556,DR. J MERCER AND PARTNERS,SHANLIEVE SURGERY,"KILKEEL PRIMARY CARE CENTRE, GREENCASTLE STREET","KILKEEL, NEWRY",BT34 4BH,Southern,3416
561,Dr R T Leary,THE HEALTH CENTRE,DRUMHAW,"LISNASKEA, ENNISKILLEN",BT92 0FP,Western,2221
562,Dr Armstrong & Partners (2),THE HEALTH CENTRE,ERNE ROAD,ENNISKILLEN,BT74 6NN,Western,4291
563,Dr Mulligan & Partners,"DEVENISH PRACTICE, THE HEALTH CENTRE",ERNE ROAD,ENNISKILLEN,BT74 6NN,Western,4017
564,Dr Davidson & Partners,LAKESIDE MEDICAL PRACTICE,ERNE ROAD,ENNISKILLEN,BT74 6NN,Western,7016
566,Dr Hutchinson & Partners,IRVINESTOWN HEALTH CENTRE,CHURCH STREET,IRVINESTOWN,BT94 1EH,Western,7751
568,Drs Mallon & Mcconville,THE HEALTH CENTRE,ERNE ROAD,ENNISKILLEN,BT74 6NN,Western,2928
569,Dr K F Devlin,LURGANBOY PARK,CLONES ROAD,"NEWTOWNBUTLER, ENNISKILLEN",BT92 6JT,Western,1927
571,Dr Cathcart & Partners,THE HEALTH CENTRE,ERNE ROAD,ENNISKILLEN,BT74 6NN,Western,7149
574,Dr George & Partners,MAPLE GROUP PRACTICE,DRUMHAW,"LISNASKEA, ENNISKILLEN",BT92 0FP,Western,8812
576,Dr Deeny & Partners,RATHMORE CLINIC,BELLEEK,ENNISKILLEN,BT93 3FY,Western,3994
578,Dr M Mellotte,THE SURGERY,EDERNEY,ENNISKILLEN,BT93 0AR,Western,1515
579,DR. ME CAMPBELL,20 UPPER MAIN ST,ROSLEA,ENNISKILLEN,BT92 7LT,Western,1479
581,Drs Kirby & Kirby,75 MAIN STREET,DERRYLIN,ENNISKILLEN,BT92 9LB,Western,2138
582,Dr M Smyth,THE SURGERY,DRUMGOON,"MAGUIRESBRIDGE, ENNISKILLEN",BT94 4PB,Western,1920
583,Drs Groves-Raines & Khew,32 MAIN STREET,DERRYGONNELLY,ENNISKILLEN,BT93 6HW,Western,1785
584,DR. MJ SCOTT AND PARTNER,BROOKEBOROUGH SURGERY,9 TANYARD LANE,"BROOKEBOROUGH, ENNISKILLEN",BT94 4JG,Western,3181
585,Dr K Sweeney,BENAUGHLIN HEALTH CENTRE,DRUMLAGHY,"FLORENCECOURT, ENNISKILLEN",BT92 1BZ,Western,3282
586,Dr J McCusker,TEMPO MEDICAL CENTRE,EDENMORE,"TEMPO, ENNISKILLEN",BT94 3LU,Western,1536
596,NULL,"CITYVIEW MEDICAL, WATERSIDE HEALTH CENTRE",SPENCER ROAD,LONDONDERRY,BT47 6AH,Western,9680
597,Dr Finlay & Partners,BOVALLY MEDICAL CENTRE,2 ROSSAIR ROAD,LIMAVADY,BT49 0TE,Western,6035
598,Dr Cosgrove & Partners,QUAYSIDE MEDICAL PRACTICE,80 - 84 STRAND ROAD,LONDONDERRY,BT48 7NN,Western,12100
599,DR. IP SINGH AND PARTNERS,"PARK MEDICAL, THE HEALTH CENTRE",GREAT JAMES STREET,LONDONDERRY,BT48 7DH,Western,8118
600,Dr Gordon & Partners,THE HEALTH CENTRE,IRWIN CRESCENT,"CLAUDY, LONDONDERRY",BT47 4AB,Western,4796
601,NULL,MOURNESIDE MEDICAL CENTRE,STRABANE,NULL,BT82 9AF,Western,10868
602,Dr Casey & Partners,OAKLEAF MEDICAL PRACTICE,GREAT JAMES STREET,LONDONDERRY,BT48 7DH,Western,10543
603,Drs Mariswamy & Byrne,THE HEALTH CENTRE,FEENY,LONDONDERRY,BT47 4TD,Western,5613
604,Dr McCloskey & Partners,THE ABERFOYLE SURGERY,120 STRAND ROAD,LONDONDERRY,BT48 7NY,Western,11457
605,Dr Fullerton,256 BERRYHILL ROAD,DUNAMANAGH,STRABANE,BT82 0NB,Western,3773
606,Dr Magnier & Partners,BRIDGE STREET MEDICAL CENTRE,BRIDGE STREET,LONDONDERRY,BT48 6LD,Western,4838
608,DR. NR BRENNAN AND PARTNERS,ABBEY MEDICAL PRACTICE,ABBEY STREET,LONDONDERRY,BT48 9DN,Western,6997
609,Dr McCleery & Partners,ROSSAIR FAMILY PRACTICE,2 ROSSAIR ROAD,LIMAVADY,BT49 0TE,Western,6523
610,Dr Quigley & Partners,STRABANE HEALTH CENTRE,UPPER MAIN STREET,STRABANE,BT82 8AS,Western,7737
614,Drs Johnston & Murphy,DUNGIVEN HEALTH CENTRE,DUNGIVEN,LONDONDERRY,BT47 4RS,Western,3503
615,NULL,CLARENDON MEDICAL,35 NORTHLAND AVENUE,LONDONDERRY,BT48 7GW,Western,10726
616,NULL,CASTLEDERG GROUP SURGERY,13A LOWER STRABANE ROAD,CASTLEDERG,BT81 7AZ,Western,8886
617,Drs Thompson & Greene,MEDICAL CENTRE,5 MILLBROOK STREET,"NEWTOWNSTEWART, OMAGH",BT78 4BW,Western,4037
618,Dr P Doherty,49 CLARENDON STREET,LONDONDERRY,NULL,BT48 7ER,Western,2981
619,Dr McKenny & Partners,THE HEALTH CENTRE,SCROGGY ROAD,LIMAVADY,BT49 0NA,Western,5914
620,Dr Watson & Partners,STRABANE HEALTH CENTRE,UPPER MAIN STREET,STRABANE,BT82 8AS,Western,6422
621,Drs Ahmed & Deane,NORTHSIDE MEDICAL PRACTICE,"SHANTALLOW HEALTH CENTRE, RACECOURSE ROAD",LONDONDERRY,BT48 8NL,Western,3482
622,Dr Brennan & Partners,"RACECOURSE MEDICAL, SHANTALLOW HEALTH CENTRE",RACECOURSE ROAD,LONDONDERRY,BT48 8NL,Western,4586
623,DR. TJM CRAIG AND PARTNERS,FOYLESIDE FAMILY PRACTICE,BRIDGE STREET MEDICAL CENTRE,"BRIDGE STREET, LONDONDERRY",BT48 6LD,Western,5987
624,Dr Ashenhurst & Partners,"GLENDERMOTT MEDICAL, WATERSIDE HEALTH CENTRE",SPENCER ROAD,LONDONDERRY,BT47 6AH,Western,7588
625,Dr Abbot & Partners,BAYVIEW MEDICAL CENTRE,3 BAYVIEW TERRACE,LONDONDERRY,BT48 7EE,Western,3834
626,DR DF CONNOLLY AND PARTNERS,"RIVERFRONT MEDICAL, WATERSIDE HEALTH CENTRE",SPENCER ROAD,LONDONDERRY,BT47 6AH,Western,8921
627,Dr Hetherington & Partners,EGLINTON MEDICAL PRACTICE,29 MAIN STREET,"EGLINTON, LONDONDERRY",BT47 3AB,Western,7105
629,Dr Heaney & Partners,THE HEALTH CENTRE,SCROGGY ROAD,LIMAVADY,BT49 0NA,Western,6968
651,Dr Magfhogartai & Partners,FINTONA GROUP PRACTICE,33 DROMORE ROAD,"FINTONA, OMAGH",BT78 2BB,Western,6585
652,DR I D RITCHIE,2H MAIN STREET,DRUMQUIN,CO TYRONE,BT78 4SB,Western,1969
654,Dr Pollock & Partners,"GRANGE FAMILY PRACTICE, THE HEALTH CENTRE",MOUNTJOY ROAD,OMAGH,BT79 7BA,Western,6468
655,Dr P Scully,23 OMAGH ROAD,DRUMQUIN,OMAGH,BT78 4QY,Western,1631
657,NULL,"THREE SPIRES SURGERY, THE HEALTH CENTRE",MOUNTJOY ROAD,OMAGH,BT79 7BA,Western,10162
660,Dr Deeny & Partners,CARRICKMORE HEALTH CENTRE,TERMON ROAD,"CARRICKMORE, OMAGH",BT79 9JR,Western,8967
661,Drs Burke & Reilly,DROMORE SURGERY,16 CAMDERRY ROAD,"DROMORE, OMAGH",BT78 3AU,Western,5577
662,NULL,"DRUMRAGH FAMILY PRACTICE, THE HEALTH CENTRE",MOUNTJOY ROAD,OMAGH,BT79 7BA,Western,10746
663,NULL,"STRULE MEDICAL, THE HEALTH CENTRE",MOUNTJOY ROAD,OMAGH,BT79 7BA,Western,3081
664,Drs Hicks & Singh,41 MAIN STREET,PLUMBRIDGE,OMAGH,BT79 8DL,Western,3273
