Billing Year,Liability Start,Liability End,Company Name,Billing Year Balance,Liable Unit Balance,Property Address,Billing Address
2003,09-Sep-02,01-Jun-03,A T C Properties Ltd,-84.78,-84.78,"Suite 1 2ND Floor, Fountain Chambers, 22 Fountain Street, Halifax              HX1 1LW","7 Cottage Road, Headingley, Leeds, LS6 4DD"
2003,18-Nov-93,27-May-03,Andy's Records Ltd,-701.73,-701.73,"8 Cheapside, Halifax, HX1 1TQ","[In Administration], C/O Robson Rhodes, 186 City Road, London, EC1 V2NU"
2003,01-Apr-90,04-Dec-03,Central Garage (Mirfield)Ltd,-2888.07,-2888.07,"Hanson Lane Garage, 1 Hope Street, Halifax, HX1 5DW",No Forwarding Address
2003,06-Jul-03,31-Jan-04,Continental Books,-40.75,-40.75,"51 Crown Street, Halifax, HX1 1JB","F.A.O. Mr Phillip Rhodes, 51 Crown Street, Halifax, HX1 1JB"
2003,03-Jul-03,13-Oct-03,F H Shaw Ltd,-13.67,-13.67,"Part Westfield Works, Park Road, Elland, HX5 9HX","C/O Sargent & Co, 36 Clare Road, Halifax, HX1 2HX"
2003,03-Oct-00,14-May-01,Headway Plc,-486.40,-4521.46,"Unit 16, Calderdale Business Park, Club Lane, Halifax             HX2 8AX","C/O Petchey Holdings Plc, Exchange House, 13/14 Clements Court, Ilford, IG1 2QY"
2003,01-Sep-97,30-Sep-03,Inglewood Studios Ltd,-3.58,-3.58,"Unit T5/T10, Canal Wharf Mill, Burnley Road, Mytholmroyd         HX7 8NH","The Courtyard, Town Street, Rawdon, Leeds, LS19 6PU"
2003,01-Jun-01,30-Apr-03,Mitaz Ltd,-50.18,-50.18,"13 New Road, Hebden Bridge, HX7 8AD","C/O Mr D Boud, 2 Damems Lane, Keighley, BD22 7AP"
2003,01-Oct-90,31-Jan-04,Reichenbacher (Uk) Ltd [In Liquidation],-311.03,-311.03,"Unit 8/9 Victoria Park, Lightowler Road, Pellon, Halifax             HX1 5NB","C/O Kanzlei Linse, 22 Rosenstrasse, Coburg, Germany"
2003,18-Nov-00,15-Jun-03,Yorkshire Tool Hire Ltd,-3377.31,-3377.31,"69 Huddersfield Road, Elland, HX5 9AA",No Forwarding Address
2004,26-Nov-91,12-Oct-04,Cristel Paint Finishers Ltd [In Administration],-1377.64,-1377.64,"Dunkirk Mills, Dunkirk Street, Halifax, HX1 3TB","C/O O'Hara & Co, Wesley House, Huddersfield Road, Birstall, WF17 9EJ"
2004,26-Nov-91,12-Oct-04,Cristel Paint Finishers Ltd [In Administration],-142.20,-142.20,"Dunkirk Mills, Dunkirk Lane, Halifax, HX1 3TB","C/O O'Hara & Co, Wesley House, Huddersfield Road, Birstall, WF17 9EJ"
2004,01-Dec-00,24-Jan-05,Eccles & Scott Ltd,-214.38,-214.38,"Ground Floor, Cromwell House, Elland Road, Brighouse            HD6 2RG","Cromwell House, 421 Elland Road, Brighouse, HD6 2RG"
2004,03-Dec-03,10-Oct-04,Hidayat Trading (Uk) Ltd,-100.00,-100.00,"55 Commercial Street, Halifax, HX1 1BE","55 Commercial Street, Halifax, HX1 1BE"
2004,01-Jun-04,31-May-04,Linertech Ltd,-1590.60,-1590.60,"Unit 11 (Ground & 1st Floors, Wellington Mills, Quebec Street, Elland              HX5 9AS","Ward House, 127 Hedon Road, Hull, East Yorkshire, HU9 1ND"
2004,17-Jan-93,30-Nov-04,Lionel Robinson & Co Ltd,-9.37,-9.37,"Unit 14, Branxholme Estate, Bradford Road, Brighouse           HD6 4EA","C/O Holland House Electrical, Company Ltd, 120 Scotland Street, Glasgow, G5 8NX"
2004,01-Sep-03,31-Aug-03,M.C. Fabrications (Halifax) Ltd,-400.00,-400.00,"Moorlea Garage, Albert Road, Halifax, HX2 0DF","Moorlea Garage, Albert Road, Pellon, Halifax, HX2 0DF"
2004,06-Dec-03,05-Dec-03,Matrix Chemie Ltd,-167.00,-167.00,"Mezzanine Office 6 & 7, Lumbrook Mills, Westercroft Lane, Halifax              HX3 7TY","Offices 6 & 7, Mezzanine Floor, Lumbrook Mills, Westercroft Lane, Halifax, HX3 7TY"
2004,01-Apr-90,31-Mar-04,Norman Jowett Ltd,-705.00,-705.00,"Opp Portsmouth Mill, Burnley Road, Todmorden, OL14 8PP","159 Knowlwood Road, Todmorden, OL14 6RD"
2004,01-Apr-04,31-Mar-04,Powder Coaters Ltd [In Liquidation],-1824.66,-1824.66,"Part Lock Hill Mills, Holmes Road, Sowerby Bridge, HX6 3LD","C/O Begbies Traynor, 30 Park Cross Street, Leeds, LS1 2QH"
2004,15-Jan-01,30-Apr-04,Ripponden Mill Co Ltd,-145.05,-145.05,"Unit 4 (I) B Ripponden Mill, Mill Fold Lane, Ripponden, Sowerby Bridge       HX6 4DJ","Mill Fold, Ripponden, Sowerby Bridge, HX6 4DH"
2004,03-Dec-96,15-Aug-04,Treble Vision Ltd [In Administration],-386.94,-386.94,"Unit A4, Lower Ladyship Mills, Old Lane, Halifax              HX3 5QN",
2004,18-Oct-95,31-Jan-05,Tyne Insulation Supplies Ltd,-1197.78,-1197.78,"Unit 19 Woodman Works, South Lane, Elland, HX5 0PA","Unit 6, 30 City Link Industrial Park, Phoenix Way, Bradford, BD4 8JP"
2004,03-Dec-96,15-Aug-04,Vision In Print Ltd [In Administration],-568.44,-568.44,"Unit A3, Lower Ladyship Mills, Old Lane, Halifax              HX3 5QN",
2004,02-Apr-02,30-Jun-04,Willow Print Technology Ltd,-57.78,-57.78,"6 Crown Yard, Southgate, Elland, HX5 0DQ","6 Crown Yard, Southgate, Elland, HX5 0DQ"
2005,20-May-05,01-Feb-06,Almado Hom Pub Ltd,-112.80,-112.80,"The Crown Inn, 10 Crown Street, Hebden Bridge, HX7 8EH","Bradley Wharton House, 2 Market Street, Broadbottom, Cheshire, SK14 6AX"
2005,01-Apr-90,23-Mar-06,Aquabeau Ltd [Dissolved],-1857.37,-1857.37,"Hanson Lane, Halifax, HX1 4QU","C/O The Treasury Solicitor, One Kemble Street, London, WC2B 4TS"
2005,01-Nov-99,23-Mar-06,Aquarius Bathrooms Ltd,-31.91,-31.91,"Unit 4 Windsor Business Park, Hanson Lane, Halifax, HX1 4SD","Hanson Lane, Halifax, HX1 4QU"
2005,17-May-04,15-Apr-05,B & E Stainless Fabrications Ltd [In Administration],-4.18,-4.18,"Sovereign Works, Sovereign Street, Halifax, HX1 5AH","C/O David Horner & Co, 11 Clifton Moor Business Villa, James Nicolson Link, Clifton Moor, York, YO30 4XG"
2005,02-Oct-03,30-Sep-05,Brass Court Ltd,-6.09,-6.09,"The Barge, 37 Mill Lane, Brighouse, HD6 1PA","Second Floor Office, The Villa, 1 Hollingwood Lane, Bradford, BD7 2RE"
2005,24-Mar-06,29-Oct-08,D & S Baths Ltd [In Administration],-41.63,-4364.05,"Hanson Lane, Halifax, HX1 4QU","C/O B D O Stoy Hayward Llp, 1 Bridgewater Place, Water Lane, Leeds, LS11 5RU"
2005,06-May-04,29-Jul-05,Dorlux Beds Ltd [In Administration],-383.57,-383.57,"Unit 2, Calderdale Business Park, Club Lane, Halifax             HX2 8AX","C/O Price Waterhouse Coopers, Benson House, 33 Wellington Street, Leeds, LS1 4JP"
2005,01-Apr-05,31-Mar-10,Hillcrest Garage (Sowerby Bridge) Ltd,-354.82,-5942.28,"Hillcrest Garage, Burnley Road, Sowerby Bridge, HX6 2TL","Hillcrest Garage, Burnley Road, Sowerby Bridge, HX6 2TL"
2005,01-Apr-01,31-Mar-01,J W Lister Ltd,-18.64,-18.64,"Unit 32b, Phoebe Lane Ind Estate, Phoebe Lane, Halifax             HX3 9EX","Brooksmouth Mills, Clifton Road, Brighouse, HD6 1SL"
2005,01-Feb-04,30-Apr-08,Mbe Glazing Systems Ltd,-422.00,-422.00,"Unit 6, Burley Street, Elland, HX5 0AQ","Unit 21, Woodman Works, South Lane, Elland, HX5 0PE"
2005,05-Sep-03,30-Nov-04,Ore-An Ltd,-515.00,-515.00,"Unit 13, Branxholme Estate, Bradford Road, Brighouse           HD6 4EA","Unit 15-20, Branxholme Ind Est, Bradford Road, Bailiff Bridge, Brighouse, HD6 4EA"
2005,20-Feb-99,08-Oct-05,Repack Services Ltd,-662.84,-662.84,"Unit 2 Sdh Industrial Estate, West Street, Sowerby Bridge, HX6 3BT","Unit 2 S.D.H Industrial Estate, West Street, Sowerby Bridge, HX6 3BT"
2005,01-Apr-04,08-Oct-05,Repack Services Ltd,-4.73,-4.73,"Unit 22 Sdh Industrial Est, West Street, Sowerby Bridge, HX6 3BS","Unit 2 S.D.H Industrial Estate, West Street, Sowerby Bridge, HX6 3BT"
2005,01-Apr-04,31-Aug-05,Repack Services Ltd,-227.07,-227.07,"Unit 16, Sdh Industrial Estate, West Street, Sowerby Bridge       HX6 3BS","Unit 2 S.D.H Industrial Estate, West Street, Sowerby Bridge, HX6 3BT"
2005,18-Jun-05,26-Aug-05,Ripponden Carriers Ltd [In Administration],-8.16,-8.16,"Office 1, 11 Owler Ings Road, Brighouse, HD6 1EJ","C/O Begbies Traynor, Elliot House, 151 Deansgate, Manchester, M3 3BP"
2005,18-Jun-05,26-Aug-05,Ripponden Carriers Ltd [In Administration],-2.67,-2.67,"Offices 4 & 5, 11 Owler Ings Road, Brighouse, HD6 1EJ","C/O Begbies Traynor, Elliot House, 151 Deansgate, Manchester, M3 3BP"
2005,06-May-99,20-Dec-05,Speaks Building Systems Ltd,-544.44,-544.44,"Unit 1 Shay Lane Works, Shay Lane, Halifax, HX3 6SF","C/O 1 Goosegate Farm, Heathy Lane, Holmefield, HX2 9UN"
2005,26-Jul-03,21-Nov-07,The Brunswick Centre,-175.47,-175.47,"Arden Road Social Club, Arden Road, Halifax, HX1 3AG","The Resource Centre, Hall Street, Halifax, HX1 5AY"
2005,31-Jul-92,31-Mar-05,The Imperial Crown Hotel Ltd,-7.80,-7.80,"31 Square Road, Halifax, HX1 1QG","Corus Hotels Ltd, Rossway Park, Berkhamstead, HP4 3TZ"
2005,14-Mar-05,20-May-05,The Inncredible Pub Co Ltd,-332.09,-332.09,"The Malt House, 270 Oldham Road, Rishworth, Sowerby Bridge       HX6 4QB","The Council Chambers, Hazford Street, Tamworth, B79 7RB"
2005,27-Apr-05,26-Apr-05,The Shay Stadium Trust Ltd,-198.04,-198.04,"Car Park, Hunger Hill, Halifax, HX1 2JT","The Shay Stadium, Halifax, HX1 2YT"
2005,20-May-04,06-May-05,Wharfedale Taverns Ltd,-32.28,-32.28,"The Beck, 157 Bradford Road, Brighouse, HD6 4AS","Highcliffe Court, Greenfold Lane, Wetherby, LS22 6RG"
2005,01-Apr-05,17-Jun-05,Yorkshire Mouldings Ltd [In Administration],-1068.00,-1068.00,"Armytage Road, Brighouse, HD6 1UJ","Price Waterhouse Coopers, Benson House, 33 Wellington Street, Leeds, LS1 4JP"
2006,14-Jul-05,14-Feb-07,1st 4 Training Ltd,-30.55,-30.55,"Unit 15B, Calderdale Business Park, Club Lane, Halifax              HX2 8AX","12 Prospect Court, Norton Tower, Halifax, HX2 0NR"
2006,07-Sep-06,30-Mar-07,Admiral Taverns Ltd,-8.60,-8.60,"Big D's, 355 Halifax Road, Todmorden, OL14 5SR","Purchase Ledger Dept, Suite H3, Steam Mill Business Centre, Steam Mill Street, Chester, CH3 5AN"
2006,01-May-98,30-Mar-07,Brighouse Transport & Maintenance Ltd,-4.49,-4.49,"Unit 3a, Royd Mills Business Park, Dyehouse Lane, Brighouse           HD6 1LL",
2006,01-Apr-90,06-Dec-06,Chekemcolour Limited [In Administration],-2538.15,-2538.15,"Smithfield Joinery Works, South Lane, Elland, HX5 0HQ","C/O Begbies Traynor, Elliot House, 151 Deansgate, Manchester, M3 3BP"
2006,11-Jun-06,15-Mar-07,D & I Phillips Properties Limited,-35.12,-35.12,"27 Burnley Road, Todmorden, OL14 7BU","27 Burnley Road, Todmorden, OL14 7BU"
2006,24-Mar-06,29-Oct-08,D & S Baths Ltd [In Administration],-1948.50,-4364.05,"Hanson Lane, Halifax, HX1 4QU","C/O B D O Stoy Hayward Llp, 1 Bridgewater Place, Water Lane, Leeds, LS11 5RU"
2006,01-Jul-04,30-Mar-07,D. Bird (Joiners) Ltd,-2.25,-2.25,"Unit 12 Washer Lane Works, Washer Lane, Halifax, HX2 7DX","6 Prospect Place, Sowerby, Sowerby Bridge, Halifax, HX6 1JF"
2006,01-Jan-04,29-Sep-06,Direct Door Panels [Brighouse] Ltd [In Liquidation],-234.94,-234.94,"Office 4 First Floor, Princess Works, Birds Royd Lane, Brighouse            HD6 1LH","C/O Griffins, Tavistock House South, Tavistock Square, London, WC1H 9LG"
2006,12-Jun-06,16-Mar-07,Entari Ltd,-11.16,-11.16,"21 Rochdale Road, Todmorden, OL14 5AA","The Old Co-Op Hall, Old Town, Hebden Bridge, HX7 8RX"
2006,01-Apr-06,31-Mar-06,Kwik Save Ltd [In Liquidation],-181.10,-181.10,"Board No 208602, Adj 58 Horton Street, Union Street, Halifax              HX1 1PR","C/O St James Square, Manchester, M2 6DS"
2006,01-Nov-05,28-Feb-07,Northstart Limited,-242.72,-242.72,"Unit 2, S D H Industrial Estate, West Street, Sowerby Bridge       HX6 3BT","Mr Hal Clarkson, Unit 2 Sdh Industrial Estate, West Street, Sowerby Bridge, HX6 3BT"
2006,01-Aug-99,30-Apr-06,Outsourced Credit Management Ltd,-287.26,-287.26,"3 Carlton Place, Halifax, HX1 2SB","3 Carlton Place, Halifax, HX1 2SB"
2006,01-Dec-06,15-Mar-07,Ploughcroft Building Services Limited,-29.42,-29.42,"Office 3, 11 Owler Ings Road, Brighouse, HD6 1EJ","Mill 2, St Pegs Mill, Thornhillbeck Lane, Brighouse, HD6 4AH"
2006,01-May-05,14-Feb-07,Starway Motorcycles Ltd [In Administration],-91.88,-91.88,"Unit 6 & 7, 370 Bradford Road, Brighouse, HD6 4DJ","C/O Milner Boardman & Partners, Century House, Ashley Road, Hale, WA15 9TG"
2006,01-Sep-06,01-Apr-07,Timber Building Installations Ltd,-3.92,-3.92,"Sowerby Bridge Sheds, Holby Business Centre, West Street, Sowerby Bridge      HX6 3BT","Unit 1, Calder Valley Motors, Burnley Rd, Mytholmroyd, Hebden Bridge, HX7 5AD"
2006,12-Jul-06,30-Nov-06,Trafford Management Ltd,-8.90,-8.90,"17 Bull Green, Halifax, HX1 2RZ","94 Westminster Road, Urmston, Manchester, M41 0RG"
2006,01-May-05,15-Feb-07,Worthington Nicholls Ltd,-180.08,-180.08,"Office Suite D140, Dean Clough Mills, Halifax, HX3 5AX","Fao Mr N Smith, Office Suite D140, Dean Clough Mills, Halifax, HX3 5AX"
2006,15-Jul-05,16-Oct-06,Y.M Newmark Ltd [In Administration],-35837.69,-35837.69,"Armytage Road, Brighouse, HD6 1UJ","C/O Poppleton & Appleby, 32 High Street, Manchester, M4 1QD"
2007,27-Jun-07,28-Jun-07,Admiral Taverns (Harmony) Ltd,-15.04,-15.04,"Royal Oak Inn, Lower Edge Road, Elland, HX5 9QD","Penn House, 30 High Street, Rickmansworth, Hertfordshire, WD3 1EP"
2007,15-Dec-06,27-Sep-07,Amatex Catering Services Ltd [In Administration],-212.72,-212.72,"Square Road, Halifax, HX1 1QG","Ashcroft Business, Recovery & Insolvency, 601 High Road, Leytonstone, London, E11 4PA"
2007,09-Jul-04,12-Dec-07,Blue Lagoon (Uk) Ltd [In Liquidation],-203.73,-203.73,"Unit 18, Hansonlane Enterprise Centre, Hanson Lane, Halifax             HX1 5PG","C/O Mazars Llp, Mazars House, Gelderd Road, Gildersome , Leeds, LS27 7JN"
2007,06-Jul-07,02-Feb-10,C.C.L Group Ltd [In Administration],-245.66,-899.10,"Armytage Road, Brighouse, HD6 1QF","C/O Price Waterhouse Coopers, Hill House, Richmond Hill, Bournemouth, BH2 6HR"
2007,24-Mar-06,29-Oct-08,D & S Baths Ltd [In Administration],-1998.00,-4364.05,"Hanson Lane, Halifax, HX1 4QU","C/O B D O Stoy Hayward Llp, 1 Bridgewater Place, Water Lane, Leeds, LS11 5RU"
2007,26-Mar-03,31-Mar-08,Falk Europe Ltd,-87.23,-87.23,"Part 2ND Floor, Woodvale House, Woodvale Road, Brighouse            HD6 4AB","2nd Floor, Woodvale House, Woodvale Road, Brighouse, HD6 4AB"
2007,12-Feb-08,28-May-09,Heritage Cashmere Ltd [In Administration],-29.72,-299.25,"White Rose Mill, Holdsworth Road, Holmfield, Halifax              HX3 6SN","C/O Armstrong Watson, Central House, 47 St Pauls Street, Leeds, LS1 2TE"
2007,01-Apr-04,17-Jun-07,K Hamnett [Machinery Removers],-242.02,-242.02,"Philmar House, Gibbet Street, Halifax, HX2 0AR","Philmar House, Highroad Well Works, Gibbet Street, Halifax, HX2 0AR"
2007,06-Mar-98,25-Mar-07,Kelly Services (Uk) Ltd,-477.00,-477.00,"25 Bull Green, Halifax, HX1 2RZ","Finance Dept, Apple Market House, 17 Union Street, Kingston Upon Thames, KT1 1RR"
2007,04-Jun-07,06-Jan-08,Leodis Commercial Ltd,-345.01,-345.01,"Punch Bowl Inn, 389 Huddersfield Road, Halifax, HX3 9LJ","Well Lane, Guiseley, Leeds, LS20 9BA"
2007,01-May-07,30-Sep-07,Maramar Properties Ltd,-810.30,-810.30,"Carlton Chambers, 1 King Cross Street, Halifax, HX1 2SG","Mile Thorn Works, Gibbet Street, Halifax, HX1 4JR"
2007,16-Apr-06,31-Mar-08,W.C.H Property Investments Ltd,-84.00,-84.00,"Unit 2A Ripponden Mill, Mill Fold Lane, Ripponden, Sowerby Bridge       HX6 4DJ","Unit 2A, Ripponden Mill, Mill Fold Lane, Ripponden , Sowerby Bridge, HX6 4DH"
2008,01-Jan-04,31-Mar-08,Bar Refreshments [Uk] Ltd,-877.80,-1799.30,"Martins Mill, Pellon Lane, Halifax, HX1 5QJ",No Forwarding Address
2008,06-Jul-07,02-Feb-10,C.C.L Group Ltd [In Administration],-346.50,-899.10,"Armytage Road, Brighouse, HD6 1QF","C/O Price Waterhouse Coopers, Hill House, Richmond Hill, Bournemouth, BH2 6HR"
2008,28-May-08,02-Jun-08,Citexx Ltd [In Administration],-2159.37,-2159.37,"Unit 1, Elland Industrial Estate, Elland Lane, Elland              HX5 9DZ","C/O Baker Tilly, 3 Hardman Street, Manchester, M3 3HF"
2008,31-Aug-02,29-Jun-08,Connexions (West Yorkshire),-1766.88,-1766.88,"Second & Third Floors, Park View House, Woodvale Road, Brighouse            HD6 4AB","2nd Floor & 3rd Floors, Park View House, Woodvale Road, Brighouse, HD6 4AB"
2008,24-Mar-06,29-Oct-08,D & S Baths Ltd [In Administration],-375.92,-4364.05,"Hanson Lane, Halifax, HX1 4QU","C/O B D O Stoy Hayward Llp, 1 Bridgewater Place, Water Lane, Leeds, LS11 5RU"
2008,01-Dec-06,28-Oct-08,D T S Yorkshire Ltd,-53.41,-53.41,"Unit HM14 Holmfield Mills, Holdsworth Road, Halifax, HX3 6SN","27 Illingworth Close, Halifax, HX2 9JQ"
2008,06-Feb-08,23-Jul-09,Equable Properties Ltd,-116.50,-116.50,"Dog & Partridge Restaurant, Sourhall Road, Todmorden, OL14 7JA","27/28 Eastcastle Street, London, W1W 8DH"
2008,06-Feb-08,23-Jul-09,Equable Properties Ltd,-312.50,-312.50,"Dog & Partridge, Sourhall Road, Todmorden, OL14 7JA","27/28 Eastcastle Street, London, W1W 8DH"
2008,28-Apr-03,10-Dec-08,Haley Bros [ Builders] Ltd [In Liquidation],-9.64,-9.64,"Suite 4, 1ST Floor Burlees House, Hangingroyd Lane, Hebden Bridge        HX7 7DD","C/O X.L Business Solutions, 1st Floor, 2-4 West Street, Cleckheaton, BD19 5AJ"
2008,31-Aug-07,10-Dec-08,Haley Bros [ Builders] Ltd [In Liquidation],-3.61,-3.61,"Suite 3, 1st Floor, Burlees House, Hangingroyd Lane, Hebden Bridge       HX7 7DD","C/O X.L Business Solutions, 1st Floor, 2-4 West Street, Cleckheaton, BD19 5AJ"
2008,01-Apr-08,10-Dec-08,Haley Bros [ Builders] Ltd [In Liquidation],-86.08,-86.08,"19-23 Old Gate, Hebden Bridge, HX7 6EN","C/O X.L Business Solutions, 1st Floor, 2-4 West Street, Cleckheaton, BD19 5AJ"
2008,01-Mar-06,10-Dec-08,Haley Bros [ Builders] Ltd [In Liquidation],-11.69,-11.69,"Suite 1, 1st Floor, Burlees House, Hangingroyd Lane, Hebden Bridge       HX7 7DD","C/O X.L Business Solutions, 1st Floor, 2-4 West Street, Cleckheaton, BD19 5AJ"
2008,12-Feb-08,28-May-09,Heritage Cashmere Ltd [In Administration],-231.00,-299.25,"White Rose Mill, Holdsworth Road, Holmfield, Halifax              HX3 6SN","C/O Armstrong Watson, Central House, 47 St Pauls Street, Leeds, LS1 2TE"
2008,01-Nov-07,09-Jan-09,Kino & Co,-230.68,-230.68,"Office 3.1, Holmfield Mills, Holdsworth Road, Halifax              HX3 6SN","Office H M 2.0, Holmfield Mills, Holdsworth Road, Halifax, HX3 6SN"
2008,01-Apr-08,13-Sep-08,Lets Talk Phones Ltd,-149.53,-149.53,"270 Queens Road, Halifax, HX1 4NJ","270 Queens Road, Halifax, HX1 4NJ"
2008,01-Apr-08,31-Dec-08,Newbuild Masonry (Yorkshire) Ltd,-96.83,-96.83,"Office 6 Britannia Works, Garden Street North, Halifax, HX3 6AE","Mr G Varley, 308 Skircoat Green Road, Halifax, HX3 0LJ"
2008,01-Apr-04,30-Sep-08,Rastrick Racing,-49.50,-49.50,"9 Church Street, Brighouse, HD6 3NF","Fao Ben Stephens, 9 Church Street, Rastrick, Brighouse, HD6 3NF"
2008,01-Jun-06,30-Oct-08,Security Professionals Ltd,-20.39,-20.39,"Unit 7B, Calderdale Business Park, Club Lane, Halifax              HX2 8AX","C/O 31 Willowfield Close, Willowfield, Halifax, HX2 7LP"
2008,25-Apr-07,30-Jul-08,T Mobile Uk Ltd,-640.85,-6436.36,"T Mobile  (53337), Toothill Lane, Brighouse, HD6 3SF","Rating Validation, Gva Grimley Pma 321, P O Box 16097, 3 Brindley Place, Birmingham, B2 2JB"
2008,09-Feb-02,12-Dec-08,Titan Fluid Power Ltd [In Administration],-2422.69,-2422.69,"Central Ironworks, Claremount Road, Halifax, HX3 6NT","C/O P.K.F, Sovereign House, Queen Street, Manchester, M5 5HR"
2008,03-May-06,05-May-08,V E S (Halifax) Ltd,-20.96,-20.96,"Listers Road, Halifax, HX3 6AG","The Old Tannery, 224 Spen Lane, Gomersal, Cleckheaton, BD19 4PJ"
2009,27-Feb-10,20-Apr-10,Administrators Of G F Interiors Ltd,-711.64,-711.64,"Gooder Lane, Brighouse, HD6 1HF","C/O Begbies Traynor, 36 Clare Road, Halifax, HX1 1TP"
2009,02-Apr-04,22-Jan-10,Alpha Catering Ltd,-1942.66,-1942.66,"Bus Station, Wade Street, Halifax, HX1 1SN","Wade Street, Halifax, HX1 1UU"
2009,01-Jan-04,31-Mar-08,Bar Refreshments [Uk] Ltd,-921.50,-1799.30,"Martins Mill, Pellon Lane, Halifax, HX1 5QJ",No Forwarding Address
2009,06-Jul-07,02-Feb-10,C.C.L Group Ltd [In Administration],-306.94,-899.10,"Armytage Road, Brighouse, HD6 1QF","C/O Price Waterhouse Coopers, Hill House, Richmond Hill, Bournemouth, BH2 6HR"
2009,01-Nov-01,30-Apr-09,Central Holdings Ltd,-11.64,-11.64,"1/3 Central Buildings, Town Hall Street, Sowerby Bridge, HX6 2QF","37 Spring Lane, Pannal, Harrogate, HG3 1NP"
2009,23-Apr-08,03-Aug-08,Design & Display Ltd,-1330.43,-1330.43,"Unit K1 Lowfields Way, Lowfields Business Park, Elland, HX5 9DA","C/O Vcep Investments Llp, Jubilee Way, Grange Moor, Wakefield, WF4 4TD"
2009,01-Sep-06,30-Apr-09,Dootson Contracting Ltd,-6.57,-6.57,"2ND Floor, 4 Garden Street, Hebden Bridge, HX7 8AQ","Salt Pie Farm, Colden, Hebden Bridge, HX7 7TH"
2009,01-Oct-06,29-Mar-10,Fat Cat Trading Co Ltd,-2.44,-2.44,"17 The Colonnade, Piece Hall, Halifax, HX1 1RE","89 Stainland Road, Greetland, Halifax, HX4 8BD"
2009,01-Apr-09,02-Apr-10,Greenwoods Menswear Ltd,-156.50,-156.50,"The Moquette Shed, Shaw Lodge Mills, Shaw Lane, Halifax              HX3 9ET","2nd Floor, Bradford Business Park, 5 Kingsgate, Bradford, BD1 4SJ"
2009,31-Jan-92,15-Jan-10,Halifax Estate Agencies Ltd,-2441.61,-2441.61,"15/17/19 Commercial Street, Halifax, HX1 1HJ","C/O B N P Paribas Real Estate, Rating Support Unit, 9 Colmore Row, Birmingham, B3 2BT"
2009,12-Feb-08,28-May-09,Heritage Cashmere Ltd [In Administration],-38.53,-299.25,"White Rose Mill, Holdsworth Road, Holmfield, Halifax              HX3 6SN","C/O Armstrong Watson, Central House, 47 St Pauls Street, Leeds, LS1 2TE"
2009,16-Mar-09,13-Aug-09,Intrepid Leisure Ltd,-58.46,-58.46,"Maypole Inn, 32 Warley Town, Stock Lane, Halifax              HX2 7RZ","Po Box 496, Kingston Upon Hull, HU9 9GN"
2009,01-Nov-05,28-Feb-10,J D T Ltd,-57.20,-57.20,"The Beaver Lodge, West Street, Sowerby Bridge, HX6 3BT","F.A.O John Hardy, The Beaver Lodge, West Street, Sowerby Bridge, HX6 3AN"
2009,01-Sep-06,30-Apr-09,Masterclean (Uk) Ltd,-57.42,-57.42,"Unit 5 Emstead Works, Old Lane, Halifax, HX3 5QN","Stansfield House, Shay Lane, Halifax, HX3 5QN"
2009,04-Jan-05,,Mixenden Sure Start,-0.01,-0.01,"Sure Start Childrens Centre, Mobile Building 2, Clough Lane, Mixenden             HX2 8SH","Fao Mrs C Guest, Mobile Building 2, Ash Green Primary School, Mixenden Road, Mixenden, Halifax, HX2 8QD"
2009,01-Sep-08,31-Dec-09,Oakenclough Buildings Ltd,-574.03,-574.03,"Sowerby Bridge Sheds, Holby Business Centre, West Street, Sowerby Bridge      HX6 3BT","Attn Glenn Brady, Oakenclough Mill, Garstang, Preston, PR3 1TB"
2009,01-Apr-97,31-May-09,Plastic Drum Reconditioning Ltd,-515.23,-515.23,"Units 25/26 Robin Hood Works, Grove Street, Brighouse, HD6 1PL","Clifton Bridge Works, Wood Street, Brighouse, HD6 1PW"
2009,26-Apr-02,31-Mar-09,Premier Accident Management Uk (Yorkshire)Ltd,-523.00,-523.00,"327a Queens Road, Halifax, HX1 4PY",No Forwarding Address
2009,03-Jan-08,15-Sep-09,R & A Parcels (Hx) Ltd [Dissolved],-91.28,-91.28,"Unit G6, The Market Business Centre, Hanson Lane, Halifax              HX1 5PF","Ceased To Trade , No Assets., Dissolved"
2009,01-Aug-07,31-Jul-09,Spot On Concrete [Hx] Ltd,-77.08,-77.08,"Empire Works, Watkinson Road, Halifax, HX2 9AB","Fao Steven Walker, 90 Pye Nest Road, Pye Nest, Halifax, HX2 7HS"
2009,01-Apr-05,31-Jul-09,Spot On Concrete [Hx] Ltd,-211.08,-211.08,"Unit 39 Empire Works, Watkinson Road, Halifax, HX3 6SD","Fao Steven Walker, 90 Pye Nest Road, Pye Nest, Halifax, HX2 7HS"
2009,25-Apr-07,30-Jul-08,T Mobile Uk Ltd,-1006.38,-6436.36,"T Mobile  (53337), Toothill Lane, Brighouse, HD6 3SF","Rating Validation, Gva Grimley Pma 321, P O Box 16097, 3 Brindley Place, Birmingham, B2 2JB"
2009,01-Apr-01,02-Nov-09,Terberg Dts [Uk] Ltd,-288.34,-288.34,"Unit G14 Lock View, Lowfields Business Park, Elland, HX5 9HD","Lowfields Business Park, Elland, HX5 9DA"
2009,15-May-96,31-Aug-09,Titan Outdoor Advertising Ltd,-63.68,-63.68,"Board No 2296/04, Hartshead Moor Service Area, Hartshead Moor, Brighouse           HD6 4JX","C/O The Cotton Exchange, 1st Floor, Edmund Street, Liverpool, L3 9LQ"
2010,01-Sep-10,13-Sep-10,Abbey Business Contracts Ltd (In Liquidation),-55.40,-55.40,"18 Huddersfield Road, Elland, HX5 9DW","O'Hara & Co, C/O Wesley House, Huddersfield Road, Birstall, Batley, WF17 9EJ"
2010,18-Nov-09,31-Aug-10,Abbey Pub Management Ltd (In Liquidation),-652.07,-652.07,"18 Huddersfield Road, Elland, HX5 9DW","O'Hara & Co, Wesley House, Huddersfield Road, Birstall, Batley, WF17 9EJ"
2010,26-May-09,24-Aug-10,Abbey Pub Management Ltd (In Liquidation),-576.71,-576.71,"The Milestone, Halifax Road, Ripponden, Sowerby Bridge       HX6 4BQ","O'Hara & Co, Wesley House, Huddersfield Road, Birstall, Batley, WF17 9EJ"
2010,01-Oct-07,29-Oct-10,Bradfast Ltd,-45.18,-45.18,"Unit 7, Branxholme Estate, Bradford Road, Brighouse           HD6 4EA","Unit 2, Junction 22 Business Park, Huddersfield Road, Mirfield, WF14 9DA"
2010,13-Oct-08,31-Mar-10,Brighouse Textiles [Wholesale] Ltd [ In Liquidation],-154.92,-154.92,"Market Stall 124/131, Market Hall, Borough Market, Halifax             HX1 1DZ","O'Hara & Co, Wesley House, Huddersfield Road, Birstall, WF17 9EJ"
2010,01-Apr-07,,Calderdale Bird Conservation Group,-0.01,77.11,"Land To North Of, Ringstone Edge Reservoir, Green Lane, Rishworth            HX6 4RA","C/O Nick Carter, 72 Towngate, Midgley, HX2 6UJ"
2010,01-Apr-92,30-Apr-11,Casson & Co Ltd,-262.70,-298.19,"Market Stall 25-26, Market Hall, Borough Market, Halifax             HX1 1DZ","117 Huddersfield Road, Oldham, OL1 3NY"
2010,17-Jun-09,30-Apr-10,Castelite Ltd,-135.00,-135.00,"Casa Del Lago, Elland Road, Brighouse, HD6 2AB","281 Elland Road, Brookfoot, Brighouse, HD6 2RG"
2010,01-Apr-10,31-Mar-10,Converga Ltd,-652.81,-652.81,"Unit 5A Part First Floor, Springvale Works, Elland Road, Brighouse            HD6 2RN","Headrow House, 19 Old Leeds Road, Huddersfield, HD1 1SG"
2010,21-Aug-09,25-Mar-11,Delilink Ltd,-57.17,-57.17,"Delilink, Park Street, Brighouse, HD6 1JL","17 Commercial Street, Brighouse, HD6 1AF"
2010,01-Apr-92,31-Mar-10,Due West Limited,-540.55,-540.55,"9 Harrison Road, Halifax, HX1 2AF","O & C Management Limited, 9 Harrison Road, Halifax, HX1 2AF"
2010,01-Sep-10,30-Jan-11,Eckersley Heroes Ltd,-31.28,-31.28,"Office H M 2.2, Holmfield Mills, Holdsworth Road, Halifax              HX3 6SN",
2010,20-Oct-07,04-May-10,Fires And Fireplaces Ltd,-104.73,-104.73,"338 Salterhebble Hill, Halifax, HX3 0QT","Company Dissolved, 04/05/10"
2010,13-Mar-08,24-Mar-11,Fourward Engineering Ltd In Liquidation,-51.56,-51.56,"Wood Mill, Halifax Road, Todmorden, OL14 6EE","C Brooksbank, O'Hara & Co, Wesley House, Huddersfiled Road, Birstall Batley, WF17 9EJ"
2010,01-Apr-05,31-Mar-10,Hillcrest Garage (Sowerby Bridge) Ltd,-5587.46,-5942.28,"Hillcrest Garage, Burnley Road, Sowerby Bridge, HX6 2TL","Hillcrest Garage, Burnley Road, Sowerby Bridge, HX6 2TL"
2010,03-Oct-05,13-Feb-11,J & T Clothing Ltd,-404.04,-404.04,"Unit 6, Brunswick Industrial Estate, Brassey Street, Halifax              HX1 2EA","Registered Office, The Counting House, Wade House Road, Shelf, HX3 7PB"
2010,14-Aug-10,,K D T Accountancy & Taxation Services Ltd,-0.01,-0.01,"20 Cow Green, Halifax, HX1 1HX",
2010,24-Jan-11,23-Jan-11,Lancaster Consultancy Hr Ltd,-256.17,-256.17,"1D Beehive Mills, Hebble End, Hebden Bridge, HX7 6HJ","Unit 2b Beehive Mills, Hebble End, Hebden Bridge, HX7 6HJ"
2010,01-Jul-09,17-Aug-10,Luxury Nook Ltd,-57.96,-57.96,"Unit 10E, Topland Country Business Pk, Cragg Road, Mytholmroyd          HX7 5RU","Silverburn Steading, Saul Farm, Leslie, Insch, AB52 6PA"
2010,16-Mar-10,26-Oct-10,M.E Pubs Ltd,-169.19,-169.19,"Shoulder Of Mutton Inn, 1 Carr House Lane, Shelf, Halifax             HX3 7RB",No Forwarding Address
2010,01-Apr-90,,Mel Green Construction Ltd,-224.64,-557.05,"Adj Parkfield Garage, George Street, Elland, HX5 0NE",
2010,01-Apr-05,30-Apr-10,Michael A Taylor Solicitors [ In Liquidation ],-12.88,-12.88,"Fairway House, 20 Bethel Street, Brighouse, HD6 1JN","C/O P S Wallace & Co, 284 Clifton Drive South, Lytham St Annes, Lancs, FY8 1LH"
2010,01-Jun-08,01-Oct-10,Pouchpak Ltd,-18.90,-18.90,"161B First Floor, King Cross Road, Halifax, HX1 3LN","6 Princess Terrace, Halifax, HX1 2NH"
2010,14-May-08,31-Jul-10,Quarmby Promotions Ltd,-1209.84,-1209.84,"Unit 1, Sherwood Road, Brighouse, HD6 1QG","Units 22-23, Howley Park Business Village, Howley Park Road, Morley, Leeds, LS27 0BZ"
2010,01-Jun-10,31-Mar-11,Safety Systems Technology Ltd,-3.58,-3.58,"Unit 3, Westbury Street, Elland, HX5 9AT","Unit 3 Westbury Street, Elland, HX5 9AT"
2010,31-Jul-08,31-Jul-10,School Of Thought 2000 Ltd,-15.53,-15.53,"Office 7, Church View Office Centre, Elland Road, Ripponden            HX6 4DB","41 Stonelea, Barkisland, Halifax, HX4 0HD"
2010,01-Jun-09,12-Jul-10,School Of Thought 2000 Ltd,-6.40,-6.40,"Office 8, Church View Office Centre, Elland Road, Ripponden            HX6 4DB","41 Stonelea, Barkisland, Halifax, HX4 0HD"
2010,25-Apr-07,30-Jul-08,T Mobile Uk Ltd,-1052.91,-6436.36,"T Mobile  (53337), Toothill Lane, Brighouse, HD6 3SF","Rating Validation, Gva Grimley Pma 321, P O Box 16097, 3 Brindley Place, Birmingham, B2 2JB"
2010,01-Aug-07,31-May-10,The Bradford T.P.S,-637.76,-637.76,"Bradford T P S, Halifax Road, Shelf, Halifax              HX3 7JT","C/O Halifax V W, Halifax Road, Shelf, Halifax, HX3 7JT"
2010,17-Aug-09,31-Mar-11,The Sipp Broker Ltd,-1655.80,-1655.80,"1 St Johns Lane, Halifax, HX1 2JD","54 West End Drive, Cleckheaton, BD19 6JD"
2010,13-Oct-06,03-Sep-10,Think Kaleidoscope Ltd,-355.43,-355.43,"Unit 1 Marshall Hall Mills, Elland Lane, Elland, HX5 9DU","C/O O'Hara & Co, Wesley House, Huddersfield Road, Birstall, WF17 9EJ"
2010,12-Sep-03,31-Aug-10,Trustees Of Brighouse Sunday Football League,-4.83,-4.83,"Lane Head Recreation Ground, Halifax Road, Brighouse, HD6 2EA","C/O Mr Russell Holmes, 7 Hardy Place, Brighouse, HD6 2PW"
2010,26-Apr-10,11-Jun-10,West Yorkshire Plant Hire Ltd,-10.00,-10.00,"Unit 5 Springwood Bu'ss Park, Brookwoods Industrial Estate, Burrwood Way, Holywell Green       HX4 9BH","Unit 6, Woodman Works, South Lane, Elland, HX5 0PA"
2010,01-Apr-00,31-Mar-10,Wilmar Ltd,-375.00,-375.00,"Unit 3 Victoria Terminal, Albert Road, Halifax, HX2 0BY","Company, Dissolved"
2010,29-Apr-09,15-Jan-11,Y T C Ltd,-1932.28,-1932.28,"33 Commercial Street, Brighouse, HD6 1AF","Maclaren House, Skerne Road, Driffield, East Yorkshire, YO25 6PN"
2011,10-Sep-11,09-Oct-11,Administrators Of James H Sutcliffe Ltd,-65.66,-65.66,"S/0 752 Burnley Road, Todmorden, OL14 8LF","Co Bdo Llp, 3 Hardman Street, Manchester, M3 3AT"
2011,01-Mar-07,07-Jul-11,Amazonails Ltd,-44.37,-44.37,"Unit 1 Hope Mill, Crescent Street, Todmorden, OL14 5HJ","Unit 1, Hope Mill, Crescent Street, Todmorden, OL14 5HJ"
2011,01-Nov-09,01-Oct-11,Anchor Trust,-157.18,-157.18,"Office H M 2.13, Holdsworth Mills, Holdsworth Road, Halifax              HX3 6SN","Burnbank House, Balliol Business Park, Longbenton, Newcastle Upon Tyne, NE12 8EW"
2011,01-Dec-07,01-Oct-11,Anchor Trust,-150.72,-150.72,"Office H M 2.12, Holmfield Mills, Holdsworth Road, Halifax              HX3 6SN","Burnbank House, Balliol Business Park, Longbenton, Newcastle Upon Tyne, NE12 8EW"
2011,01-Apr-10,01-Oct-11,Anchor Trust,-24.13,-24.13,"Office 3.8, 1ST Floor, White Rose Mill, Holdsworth Road, Holmfield            HX3 6SN","Burnbank House, Balliol Business Park, Longbenton, Newcastle Upon Tyne, NE12 8EW"
2011,01-Apr-11,31-Jul-11,Beap Community Partnership,-89.85,-89.85,"172 King Cross Road, Halifax, HX1 3LN","31 Cornwall Road, Bradford, West Yorkshire, BD8 7JN"
2011,01-Apr-90,28-Feb-11,Brighouse Textiles [Wholesale] Ltd [ In Liquidation],-577.19,-577.19,"Section 19, Thornhill Briggs Mill, Thornhills Beck Lane, Brighouse           HD6 4AW","O'Hara & Co, Wesley House, Huddersfield Road, Birstall, WF17 9EJ"
2011,21-Oct-11,19-Feb-12,Brogan Business Parks Ltd,-7.10,-7.10,"Unit R1, Tenterfields Business Park, Burnley Road, Luddendenfoot        HX2 6EJ","C/O Cdp Ltd, Huddersfield Road, Elland, HX5 9BW"
2011,19-Nov-10,20-Oct-11,Brogan Business Parks Ltd,-43.41,-43.41,"Unit R1, Tenterfields Business Park, Burnley Road, Luddendenfoot        HX2 6EJ","C/O Cdp Ltd, Huddersfield Road, Elland, HX5 9BW"
2011,28-Jan-11,31-Mar-11,C.P.P.S Policy Exchange Ltd,-414.70,-414.70,"6 Hollins Place, Hebden Bridge, HX7 8EU","64 Towngate, Heptonstall, Hebden Bridge, HX7 7NB"
2011,01-Apr-92,30-Apr-11,Casson & Co Ltd,-35.49,-298.19,"Market Stall 25-26, Market Hall, Borough Market, Halifax             HX1 1DZ","117 Huddersfield Road, Oldham, OL1 3NY"
2011,14-Mar-11,29-Feb-12,Castledene Yorkshire Ltd,-50.91,-50.91,"219 King Cross Road, Halifax, HX1 3JL","257 King Cross Road, Halifax, HX1 3JL"
2011,02-Jan-07,25-Jan-12,City Services Ltd [In Administration],-24.25,-24.25,"Clayton House(Empty Offices), Park Road, Elland, HX5 9HP","C/O Deloitte, 1 City Square, Leeds, LS1 2AL"
2011,01-Oct-10,31-Dec-11,Claim 500 Ltd,-713.54,-713.54,"Unit 10E, Topland Country Business Pk, Cragg Road, Mytholmroyd          HX7 5RU","242 Marton Road, Middlesborough, Cleveland, TS4 2EZ"
2011,01-Oct-08,31-Jan-12,Csc Computer Sciences  Ltd,-117.12,-117.12,"Unit SM4 White Rose Mill, Holdsworth Road, Holmfield, Halifax              HX3 6SN","Royal Pavilion, Tower 3 Lower Ground Floor, Wellesley Road, Aldershot, Hants, GU11 1PZ"
2011,21-Jun-04,,Dodnaze Community Association,-0.03,-0.03,"54 Hirst Grove, Hebden Bridge, HX7 8DN","Dodnaze Community Centre, 54 Hirst Grove, Hebden Bridge, HX7 8DN"
2011,01-Jan-10,02-Sep-11,Dreem Kitchens Ltd (In Administration),-32.56,-32.56,"Stotts Island, 17 Wakefield Road, Brighouse, HD6 1PJ","Kellie Bell, C/O Begbies Traynor, 340 Deansgate, Manchester, M3 4LY"
2011,26-Sep-09,24-Aug-11,Floor My Home Ltd In Administration,-32.87,-32.87,"Unit 2 Halifax Retail Park, Pellon Lane, Halifax, HX1 5QP","Senate Recovery Ltd, 12a Church Street, Warwick, CV34 4AB"
2011,30-Mar-12,29-Mar-12,Frank Marshall Estates Ltd,-13.49,-1754.69,"Unit 12, Branxholme Industrial Estate, Bradford Road, Brighouse            HD6 4EA","C/O Eddisons, Pennine House, Russell Street, Leeds, LS1 5RN"
2011,01-Aug-07,31-Mar-12,Fred Howarth Ltd,-9.50,-9.50,"Unit 25 Robinwood Mill, Burnley Road, Todmorden, OL14 8JA","Jumps Road, Livegate, Todmorden, OL14 8HJ"
2011,01-Jun-11,,G A O'Dowd Ltd,-232.58,-232.58,"Unit B, Horley Green Road, Halifax, HX3 6AS","Whitelands, Churn Lane, Highroad Well, Halifax, HX2 7QW"
2011,20-Sep-11,10-Jul-12,Halifax Opportunities Trust,-14.84,-14.84,"Office 41 First Floor, The E W Innovation Centre, Hopwood Lane, Halifax              HX1 5ER","Elsie Whiteley Innovation Cent, Hopwood Lane, Halifax, HX1 5ER"
2011,01-Apr-11,30-Nov-11,Himmat Ltd,-118.35,-118.35,"Office 1 Ground Floor, The E W Innovation Centre, Hopwood Lane, Halifax              HX1 5ER","34/36 Hanson Lane, Halifax, HX1 5NX"
2011,16-Nov-11,,Interserve Working Futures Ltd,-502.51,6548.24,"Part 1ST & 2ND Floors, Westgate House, Market Street, Halifax              HX1 1PD","Warwick House, Wade Lane, Leeds, LS2 8NL"
2011,01-Apr-90,,J B Hill & Sons Ltd,-2519.83,-2275.83,"Halifax Road, Brighouse, HD6 2QJ","Hillcrest Quarry, Halifax Road, Brighouse, HD6 2PH"
2011,30-Jul-10,09-Oct-11,"L Roberts, S Dinning, D Van Gestel & L Van Gestel",-1250.51,-1250.51,"Salt Warehouse, Canal Wharf, Sowerby Bridge, HX6 2AG",
2011,29-Oct-10,13-Oct-11,La Salle [Uk] Investment Property Co,-1856.69,-1856.69,"Unit G17, Riverbank Way, Lowfields Business Park, Elland               HX5 9DN","Lim Accounts Payable, Po Box 3515, Norwich, NR7 7QX"
2011,01-Sep-10,18-May-11,Limehouse Films Ltd,-314.89,-314.89,"Off 5, 2ND Flr W Grove Mill, The E W Innovation Centre, Hopwood Lane, Halifax              HX1 5ER","The Ew Innovation Centre, Hopwood Lane, Halifax, HX1 5EP"
2011,01-Apr-90,,Mel Green Construction Ltd,-332.41,-557.05,"Adj Parkfield Garage, George Street, Elland, HX5 0NE",
2011,01-Apr-90,24-Jun-11,Neaversons Of Halifax Ltd,-577.84,-577.84,"12 The Old Arcade, Halifax, HX1 1TJ","5 Russell Street, Halifax, HX1 1RL"
2011,03-Feb-10,22-Jun-11,P.H.S Ltd,-1884.00,-1884.00,"Armytage Road, Brighouse, HD6 1QF","Attn Andrew Knight, 7 Lancaster Way, Ermine Business Park, Huntingdon, Cambs, PE26 6XU"
2011,01-Oct-11,,Pennine Magpie Ltd,-0.01,-0.01,"Unit 15F, Calderdale Business Park, Club Lane, Halifax              HX3 8AX","Unit 4A, Calderdale Business Park, Club Lane, Halifax, HX2 8AX"
2011,21-Feb-09,28-Mar-12,Pennine Tool Hire [Yorkshire] Ltd (In Liquidation),-4.54,-4.54,"Unit 5, Halifax Industrial Centre, Marshway, Halifax             HX1 5RW","C/O Poppleton Appleby, 32 High Street, Manchester, M4 1QD"
2011,25-Jul-11,23-Mar-12,Pro Porsche (Brighouse) Ltd,-99.37,-99.37,"Armytage Road, Brighouse, HD6 1PT","337 Wakefield Road, Huddersfield, HD5 8DE"
2011,01-Feb-11,29-Mar-12,Quality Water Specialists Llp,-13.59,-13.59,"Unit 12, Branxholme Industrial Estate, Bradford Road, Brighouse            HD6 4EA","Suite 26 Century Building, Brunswick Business Park, Tower Street, Liverpool, L3 4BJ"
2011,01-Jul-10,30-Jun-11,Shaw Trust Ltd,-461.98,-461.98,"Office Suite G 438, Dean Clough Mills, Halifax, HX3 5AX","Epsom Court, White Horse Business Park, Trowbridge, Wiltshire, BA14 0XJ"
2011,02-Feb-10,30-Apr-11,Solutions4 I T (Uk)  Ltd,-299.49,-299.49,"Office 42 First Floor, The E W Innovation Centre, Hopwood Lane, Halifax              HX1 5ER","5 Thorpe Mill Court, Rochdale Road, Triangle, Halifax, HX6 3DA"
2011,01-Jan-11,30-Jun-11,Stercap Ltd,-395.40,-395.40,"Units 2/3, Vine Industrial Estate, Elland Road, Brighouse            HD6 2QS","F A O Mr Colin Wormald, Unit 1, Dominion Works, Denholmegate Road, Hipperholme, Halifax, HX3 8JG"
2011,25-Apr-07,30-Jul-08,T Mobile Uk Ltd,-1182.62,-6436.36,"T Mobile  (53337), Toothill Lane, Brighouse, HD6 3SF","Rating Validation, Gva Grimley Pma 321, P O Box 16097, 3 Brindley Place, Birmingham, B2 2JB"
2011,01-Jun-10,30-Jun-11,Units To Let [Northern] Ltd,-807.53,-807.53,"Unit 20 Asquith Bottom Mills, Asquith Bottom, Sowerby Bridge, HX6 3BS","Hartford Trading Estate, Suthers Street, Oldham, OL9 7TQ"
2011,01-Apr-90,07-Jun-12,V T L [Europe] Ltd,-2033.17,-3645.24,"Cooper House Works, Luddendenfoot, Halifax, HX2 6EL","St Thomas Road, Huddersfield, HD1 3LG"
2012,01-May-08,14-Feb-13,A & B Installations Ltd,-87.38,-87.38,"Unit 32 Mill House Works, Mill House Lane, Triangle, Sowerby Bridge       HX6 3LN","2 & 3 Langfield Business Park, Norland Road, Sowerby Bridge, HX6 4BD"
2012,17-Feb-11,,A.C.C (Flooring) Ltd,-2264.33,-2264.33,"Unit 1A, Woodvale Workshops, Thornhills Beck Lane, Brighouse            HX6 4AW","Unit 1a, Woodvale Workshops, Thornhills Beck Lane, Brighouse, HD6 4AW"
2012,01-Apr-90,,A.R.P. Security Services Ltd,-0.45,-0.45,"31 Edwards Road, Halifax, HX2 7DG",
2012,01-Apr-12,27-Nov-12,Albion Bowling Club,-84.42,-84.42,"Albion Bowling Club, R/O 143 Halifax Road, Brighouse, HD6 2ED","C/O Mr Neil Hopper, 38 Lords Lane, Brighouse, HD6 3RF"
2012,17-Sep-12,,Alliance Valves & Piping Supplies Manufacturing Ltd,-31.00,417.00,"Office 4 Clifton House, Bradford Road, Bailiff Bridge, Brighouse            HD6 4EJ",
2012,01-Apr-08,,Amazon Windows Ltd,-0.59,1831.01,"The Conservatory Village, Burnley Road, Halifax, HX2 7LW",
2012,01-Jun-05,,Andrew Lomas Optometrist Ltd,-0.74,-0.74,"31 Southgate, Elland, HX5 0BW",
2012,16-Jun-90,,Anglo-American (One Stop) Ltd,-0.74,-0.74,"Unit A, Nanholme Mills, Halifax Road, Todmorden           OL14 6DA",
2012,01-Mar-11,31-Mar-12,Aquamat Ltd,-1845.00,-3739.20,"2ND Flr Unit 1, Wellington Mills, Quebec Street, Elland               HX5 9AS","Unit B4 Phoenix Trading Est, London Road, Thrupp, Stroud, Gloucestshire, GL5 2BX"
2012,01-Apr-04,,Arctic Media Ltd,-0.85,-0.85,"Unit 23 Bowers Mill, Branch Road, Barkisland, Halifax             HX4 0AD",
2012,01-Aug-01,,Benjamin Whiteley & Sons Ltd,-0.30,-0.30,"Park Road Mills, Park Road, Elland, HX5 9HX","Park Road Mills, Park Road, Elland, HX5 9HX"
2012,01-Dec-11,30-Apr-12,Bizspace Ltd,-657.00,-657.00,"Unit 1C, Calderdale Business Park, Club Lane, Halifax              HX2 8AX","Sovereign House, Fao A Barrie, 1 Albert Place, Finchley, London, N3 1QB"
2012,20-May-01,,Blue Gecko Trading Co Ltd,-72.22,-72.22,"Adj 40 Rochdale Road, Greetland, Halifax, HX4 8AX","Hollyns Warehouse, Adj 40 Rochdale Road, Greetland, Halifax, HX4 8AX"
2012,31-Dec-11,,Bower Green Warehousing Ltd.,-75.20,1696.80,"Rookes Mill, Station Road, Norwood Green, Halifax              HX3 8QD","Dryden Street, Bradford, BD1 5ND"
2012,01-Jan-10,,Bowers Mill Cafe Ltd,-94.80,-94.80,"Unit 32 Bowers Mill, Branch Road, Barkisland, Halifax             HX4 0AD",
2012,23-Dec-11,11-Dec-12,British Waterways,-1794.36,-1794.36,"Victoria Works, Mill Lane, Brighouse, HD6 1PP","Fao Simon Moore, Navigation Road, Northwich, Cheshire, CW8 1BH"
2012,01-May-07,,C & R Maintenance Services Ltd,-1.25,-1.25,"Office H M 3.2, Holmfield Mills, Holdsworth Road, Halifax              HX3 6SN",
2012,11-Apr-08,,C F S (Brighouse) Ltd,-202.35,-202.35,"Atlas Mill Road, Brighouse, HD6 1ES",
2012,01-Oct-05,,C.D.R Supply Co Ltd,-0.59,-0.59,"Unit 1A, Canteen Mill Ind. Units, Burnley Road, Todmorden           OL14 7DR",
2012,16-Jul-11,,Cafe Dino's Ltd,-125.70,-120.70,"23 Alexandra Street, Halifax, HX1 1BS","23 Alexandra Street, Halifax, HX1 1BS"
2012,01-Apr-09,07-Nov-12,Calder High School,-226.36,-226.36,"Stubb Playing Fields, Mytholmroyd, Hebden Bridge, HX7 5AP","Midgley Road, Mytholmroyd, Hebden Bridge, HX7 5QN"
2012,10-Nov-08,31-Jul-13,Chunky Chicken (Halifax) Ltd,-227.70,-227.70,"112 Gibbet Street, Halifax, HX1 5BZ","116 Heights Lane, Rochdale, OL12 0QS"
2012,16-Apr-01,,Ciella Ltd,-1.03,-1.03,"54B Southgate, Elland, HX5 0DQ",
2012,01-Apr-08,,Clogs [Uk] Ltd,-0.37,-0.37,"Mount Pleasant House, Midgley Road, Mytholmroyd, Hebden Bridge        HX7 5LR","Unit 10 Mount Pleasant Mills, Midgley Road, Mytholmroyd, Hebden Bridge, HX7 5LR"
2012,01-Jun-11,31-May-11,Communitas Eu Ltd,-116.00,-116.00,"Office Suite D 109, Dean Clough Office Park, Halifax, HX3 5AX","Office Suites D107/D109, Dean Clough Mills, Halifax, HX3 5AX"
2012,01-Jun-11,31-May-11,Communitas Eu Ltd,-83.00,-83.00,"Office Suite D107, Dean Clough Mills, Halifax, HX3 5AX","Office Suites D107/D109, Dean Clough Mills, Halifax, HX3 5AX"
2012,02-Dec-09,,Dondolare Ltd,-0.85,-0.85,"226 Halifax Road, Ripponden, Sowerby Bridge, HX6 4BG",
2012,01-Apr-11,30-Sep-12,Due West Ltd,-356.14,-356.14,"4 Powell Street, Halifax, HX1 1LN","O & C Management Services, 9 Harrison Road, Halifax, HX1 2AF"
2012,04-Oct-12,11-Feb-13,E.I.B. Ltd,-319.22,-319.22,"Baxter Lane Works, Northowram, Halifax, HX3 7EF","Unit 3, Brow Mills Industrial Estate, Hipperholme, Halifax, HX3 8EF"
2012,07-Dec-10,,Ethical Collections Ltd,-60.00,2359.75,"The Courtyard, Bridge Gate, Hebden Bridge, HX7 8EX","1 Dray View, Dewsbury, West Yorks, WF13 4PE"
2012,17-Sep-05,,Eurofill Ltd,-0.15,-0.15,"Unit 14, Lee Bridge Industrial Estate, Lee Bridge, Halifax             HX3 5AT","F.A.O. Mr David Laycock, Old Allen Barn, Old Allen Road, Harecroft, Bradford, BD13 3RY"
2012,28-Nov-12,,Evolve Fitness & Physio Limited,-33.15,266.85,"Ground Floor, 4 Akroyd Place, Halifax, HX1 1YH",
2012,24-May-98,,F Lucas & Co Ltd,-0.51,-0.51,"West End Works, Warley Road, Halifax, HX1 3TG",
2012,01-Mar-12,01-Sep-12,Fairmont Polymers (Uk) Ltd,-50.00,-50.00,"Office H M 3.6, Holmfield Mills, Holdsworth Road, Halifax              HX3 6SN","Office H M 3.5, Holmfield Mills, Holdsworth Road, Halifax, HX3 6SN"
2012,01-Aug-09,30-Sep-12,Frank Marshall Estates Ltd,-792.56,-792.56,"Unit 5 Branxholme Estate, Bradford Road, Bailiff Bridge, Brighouse            HD6 4EA","C/O Eddisons, Pennine House, Russell Street, Leeds, LS1 5RN"
2012,30-Mar-12,29-Mar-12,Frank Marshall Estates Ltd,-1741.20,-1754.69,"Unit 12, Branxholme Industrial Estate, Bradford Road, Brighouse            HD6 4EA","C/O Eddisons, Pennine House, Russell Street, Leeds, LS1 5RN"
2012,01-Jun-11,30-Sep-12,Frank Marshall Estates Ltd,-1039.63,-1039.63,"Unit 6 Branxholme Estate, Bradford Road, Bailiff Bridge, Brighouse            HD6 4EA","C/O Eddisons, Pennine House, Russell Street, Leeds, LS1 5RN"
2012,01-Mar-07,31-Mar-14,Global Textiles Associates Ltd,-19.32,-19.32,"Office H M 3.0, Holmfield Mills, Holdsworth Road, Halifax              HX3 6SN","Office H M 3.0, Holmfield Mills, Holdsworth Road, Halifax, HX3 6SN"
2012,01-Apr-01,31-Mar-10,Graham Evans [Property],-466.81,-466.81,"The Old Office Block, Stainland Road, Greetland, Halifax             HX4 8BQ","48 Stainland Road, Greetland, Halifax, HX4 8BD"
2012,01-Feb-12,31-May-13,Halifax Opportunities Trust,-167.84,-167.84,"Office 26 First Floor, The E W Innovation Centre, Hopwood Lane, Halifax              HX1 5ER","Elsie Whiteley Innovation Cent, Hopwood Lane, Halifax, HX1 5ER"
2012,01-Apr-10,31-Mar-12,Halifax Property Services Ltd,-1361.50,-1361.50,"Unit 2a, West Parade, Halifax, HX1 2TE","Fagley Lane, Eccleshill, Bradford, BD2 3NT"
2012,01-Apr-07,07-May-12,Halifax Sheet Metal & Ventilation Ltd,-836.00,-836.00,"Plot 6  High Level Way, Pellon Industrial Estate, Queens Road, Halifax              HX1 4PR","Swales Moor Farm, Swales Moor Road, Halifax, HX3 6UF"
2012,01-Apr-05,,Halifax Trade Windows Uk Ltd,-0.66,-0.66,"1 Sod House Green, Halifax, HX3 6QR","1 Sod House Green, Keighley Road, Ovenden, Halifax, HX3 6QR"
2012,01-Jun-06,,Hansell Construction Ltd,-0.74,-0.74,"Unit 3, Central Joinery Works, Oldham Road, Ripponden           HX6 4DN",
2012,01-Apr-90,,Hardcastle Bros (Brighouse) Ltd,-0.63,-0.63,"24 Rastrick Common, Brighouse, HD6 3DR","22 Rastrick Common, Brighouse, HD6 8DR"
2012,01-Feb-13,01-Apr-13,Heathcote Distribution Ltd,-8.73,0.00,"Unit 2C Walsden Indst Est, Rochdale Road, Walsden, Todmorden           OL14 6UD","14 Meadway Technical Park, Rutherford Close, Stevenage, SG1 2EF"
2012,01-Aug-04,,Hebden Bridge Brass Band,-0.18,-0.16,"Unit 1A, Topland Country Business Pk, Cragg Road, Mytholmroyd          HX7 5RU","Fao Mr Steve Gardiner, Unit 1A, Topland Country Bus Park, Cragg Road, Mytholmroyd, HX7 5RU"
2012,01-Nov-04,,Hemsworth And Co Ltd,-0.07,-0.07,"Offices 5 & 13 The Spire, Leeds Road, Lightcliffe, Halifax              HX3 8NU",
2012,01-Nov-02,,Hollins Park Sports & Social Club,-0.73,1541.67,"Changing Rooms, Hollins Mill Lane, Sowerby Bridge, HX6 2RF","C/O Mrs Wendy Austin, 18 Egerton Street, Sowerby Bridge, HX6 2LX"
2012,06-Jun-07,,Ideal Boats Company Ltd,-287.67,-619.91,"Woodbottom Mill, Todmorden, OL14 6PG","21 Robinwood Mill, Burnley Road, Todmorden, OL14 8JA"
2012,01-Apr-11,,Inomed Health Ltd,-595.38,-595.38,"Office 38 First Floor, The E W Innovation Centre, Hopwood Lane, Halifax              HX1 5ER",
2012,16-Nov-11,,Interserve Working Futures Ltd,-801.50,6548.24,"Part 1ST & 2ND Floors, Westgate House, Market Street, Halifax              HX1 1PD","Warwick House, Wade Lane, Leeds, LS2 8NL"
2012,01-Mar-04,28-Sep-12,J.H.P Group Ltd,-1563.90,-1563.90,"1st Floor, 5 Clare Road, Halifax, HX1 2HX","Unit 3 Riverstone Court, Siskin Drive, Middlemarch Business Park, Coventry, CV3 4FJ"
2012,23-May-11,28-Sep-12,J.H.P Group Ltd,-1290.63,-1290.63,"3 Clare Road, Halifax, HX1 2HX","Unit 3 Riverstone Court, Siskin Drive, Middlemarch Business Park, Coventry, CV3 4FJ"
2012,01-Apr-90,17-Jul-12,Jack Pearson (Turf Accountants) Ltd,-8.43,-8.43,"16 Victoria Road, Elland, HX5 0PU","44 Wood Street, Huddersfield, HD1 1EG"
2012,01-Jan-09,,K Skips Ltd,-0.45,-0.45,"Haulage Yard, Balkram Edge Farm, Mount Tabor, Halifax              HX2 0UB","Fao Mr M Kemp, Balkram Edge Farm, Mount Tabor, Halifax, HX2 0UB"
2012,01-Jun-11,24-Aug-12,Klassprint Ltd In Administration,-2.40,-2.40,"Klassprint Ltd, Halifax Autocars Estate, Shay Lane, Halifax              HX3 6QU","Wilson Field, The Manor House, 260 Eccleshall Road South, Sheffield, S11 9PS"
2012,01-Apr-01,31-Aug-12,Lancashire Cotton Company Ltd,-135.14,-135.14,"Rise Lane, Todmorden, OL14 7AA","Mr Kevin Baulk, 293 Rise Lane, Todmorden, OL14 7AA"
2012,01-Feb-09,,Lepol Fire And Security Ltd,-0.38,-0.38,"Unit H M 25 Holmfield Mills, Holdsworth Road, Holmfield, Halifax              HX3 6SN",
2012,05-Aug-06,,Lorna Stewart Hair Ltd,-44.37,-44.37,"St Pauls Buildings, Langdale Street, Elland, HX5 0EX","F.A.O Lorna Stuart-Pearson, Unit 7, St Pauls Buildings, Langdale Street, Elland, HX4 0EX"
2012,11-May-09,,Matter Communications Ltd,-1.25,-1.25,"Office Suite D143, Dean Clough Mills, Halifax, HX3 5AX",
2012,22-Sep-11,31-Mar-13,Mbi Consulting Ltd,-14.37,-14.37,"Unit 9 No 2 Warehouse, The Wharf, Sowerby Bridge, HX6 2AG","Unit 4 First Floor, No 4 Warehouse, The Wharf, Sowerby Bridge, HX6 2AG"
2012,01-Oct-08,30-Apr-12,McMorrow Murphy Ltd,-10.66,-10.66,"Office 16, 11 Owler Ings Road, Brighouse, HD6 1EJ","Office 16, 11 Owler Ings Road, Brighouse, HD6 1EJ"
2012,01-Nov-99,,Mill House Furniture Makers Ltd,-0.36,-0.36,"Unit 17, Mill House Works, Mill House Lane, Triangle            HX6 3LN","15 Savile Drive, Savile Park, Halifax, HX1 2EU"
2012,01-Apr-12,31-Mar-12,Millwood Vehicle Services Ltd,-56.00,-56.00,"Unit 2 Harley House Mill, Todmorden, OL14 5JE","Harley Mill, Harley Street, Todmorden, OL14 5JE"
2012,04-Jan-05,30-Jun-14,Mixenden Childrens Centre,-0.01,-0.01,"The Vicarage, 1 Sunny Bank Road, Mixenden, Halifax              HX2 8RX","F.A.O. Mrs C Guest, Ash Green Primary School, Mixenden Road, Mixenden, Halifax, HX2 8QD"
2012,01-Apr-05,,Mr Stuart Horsfall,-0.51,-0.51,"Unit 3A, Mitchell Street, Todmorden, OL14 7DW",
2012,19-Nov-05,,Nature Cameras Ltd,-0.91,-0.91,"3b Bonegate Road, Brighouse, HD6 1TQ","Fao Mr David Turner, 3b Bonegate Road, Brighouse, HD6 1TQ"
2012,01-Apr-09,31-Dec-12,Nutranet Ltd,-6.17,-6.17,"Unit 3A South Mill, White Rose Mill, Holdsworth Road, Halifax              HX3 6SN","27 Illingworth Close, Halifax, HX2 9JQ"
2012,01-Apr-04,,O.F.C Technical Services Ltd,-0.85,-0.85,"Office Suite D238, Dean Clough Office Park, Halifax, HX3 5AX",
2012,01-Nov-12,15-May-14,One Education Ltd,-43.98,0.00,"Office 1 Ground Floor, The E W Innovation Centre, Hopwood Lane, Halifax              HX1 5ER","Universal Square, Devonshire Street North, Ardwick, Manchester, M12 6JH"
2012,01-Apr-90,,Paints & Lacquers Ltd,-0.41,-0.41,"12 West Parade, Halifax, HX1 2TA",
2012,06-Jan-03,23-Mar-13,Parfitts Bakery Ltd (In Liquidation),-145.48,-145.48,"7 Commercial Street, Brighouse, HD6 1AF","Dl Partnership Llp, Ground Floor, 90 New North Road, Huddersfield, HD1 5NE"
2012,02-Aug-04,,Pellon Private Hire Ltd,-228.77,301.43,"Unit 12c, Calder Workshops, Gibbet Street, Halifax             HX1 4JQ",
2012,01-Aug-08,,Pg Control Systems Ltd,-0.22,-0.22,"Unit 9C, Top Land Country Busn.Pk, Cragg Road, Mytholmroyd          HX7 5RU","Unit 9c, Top Land Country Business Park, Cragg Road , Mytholmroyd, Hebden Bridge, HX7 5RW"
2012,01-Apr-03,,Premier Direct G.B Ltd,-120.83,-120.83,"Coronation Works, Foundry Street North, Halifax, HX3 6RE","Premier House, Foundry Street North, Halifax, HX3 6RE"
2012,01-Jan-10,31-Mar-14,Preptec Solutions Ltd,-1.57,-1.57,"Office 4, James Street Mills, South Lane, Elland               HX5 0HB","Office 4, James Street Mill, South Lane, Elland, HX5 0HB"
2012,14-Jan-12,08-Aug-12,Punch Partnerships,-6.24,-6.24,"Hebble House, Old Gate, Hebden Bridge, HX7 6EN","Utilities Team, Jubilee House, Second Avenue, Burton On Trent, DE14 2WF"
2012,01-Apr-90,,R & D Electrical Contractors(Yorkshire) Ltd,-0.21,-0.21,"Unit 5, Fordsall House, Huddersfield Road, Elland              HX5 9DW",
2012,01-Apr-90,,R H & G Travis & Sons Ltd,-74.37,-74.37,"1a Birds Royd Lane, Brighouse, HD6 1LQ",
2012,01-Dec-07,31-Jul-12,R S Developments Brickworks Ltd,-763.95,-763.95,"Office H M 2.1, Holmfield Mills, Holdsworth Road, Halifax              HX3 6SN","6 Le Mar View, Southowram, Halifax, HX3 9NW"
2012,05-Mar-12,10-Jun-12,R S Investments Yorkshire Ltd,-66.90,-66.90,"Suite 1 Unit 4A, Lrp Business Park, Halifax Road, Hipperholme          HX3 8ER","Thornfield, Leeds Road, Hipperholme, HX3 8NH"
2012,05-Mar-12,10-Jun-12,R S Investments Yorkshire Ltd,-293.30,-293.30,"Suite 2 Unit 4A, Lrp Business Park, Halifax Road, Hipperholme          HX3 8ER","Thornfield, Leeds Road, Hipperholme, HX3 8NH"
2012,15-Dec-11,03-May-12,R S Investments Yorkshire Ltd,-489.24,-489.24,"Unit 1 Lrp Business Park, Halifax Road, Hipperholme, Halifax              HX3 8ER","Thornfield, Leeds Road, Hipperholme, HX3 8NH"
2012,01-Apr-90,,Richard Kaye,-81.94,-81.94,"Garage 2, Raglan Street, Todmorden, OL14 5HF","3 Durn Street, Todmorden, OL14 8PW"
2012,01-Apr-07,04-Oct-12,Romida Sports Ltd (In Administration),-214.73,-214.73,"Unit 3 West Vale Buildings, Wakefield Road, Brighouse, HD6 1QD","Bdo Llp, 10 South Parade, Leeds, West Yorkshire, LS1 5QS"
2012,27-Feb-10,27-Mar-13,S & A Health Ltd,-11.84,-11.84,"93 Turner Avenue South, Illingworth, Halifax, HX2 8EF","30 Keighley Road, Bingley, BD16 2EZ"
2012,01-Apr-90,30-Apr-14,S Horsfall (Plumbers) Ltd,-36.00,-36.00,"2 Dale Street, Todmorden, OL14 5PX","Liddington, Peel Cottage Road, Todmorden, OL14 7QJ"
2012,01-Jun-00,,Scoffers (Yorkshire) Ltd,-0.07,-0.07,"Unit 12, Hansonlane Enterprise Centre, Hanson Lane, Halifax             HX1 5PG",
2012,12-Aug-10,,Severhills Clay Pigeon Shooting Club,-69.00,-69.00,"Clay Pigeon Shooting Club, Severhills Farm, Foxen Lane, Mill Bank            HX6 4ND","Fao The Treasurer, Severhills Farm, Foxen Lane, Mill Bank, Sowerby Bridge, HX6 4ND"
2012,01-Apr-06,,St Malachys Credit Union Ltd,-0.22,-0.22,"26a Illingworth Road, Illingworth, Halifax, HX2 9EN","F.A.O. Mr Stuart Stott, 26a Illingworth Road, Illingworth, HX2 9EN"
2012,28-May-11,,Stuart Angus Consulting Ltd,-159.75,-159.75,"Office 8, James Street Mills, South Lane, Elland               HX5 0HB","Suite 8 Heritage Exchange, South Lane, Elland, Halifax, HX5 0HB"
2012,25-Apr-07,30-Jul-08,T Mobile Uk Ltd,-1260.00,-6436.36,"T Mobile  (53337), Toothill Lane, Brighouse, HD6 3SF","Rating Validation, Gva Grimley Pma 321, P O Box 16097, 3 Brindley Place, Birmingham, B2 2JB"
2012,28-Jan-10,,The Bradshaw Pub Co Ltd,-1.03,-1.03,"Golden Fleece Inn, 1 Bradshaw Lane, Bradshaw, Halifax             HX2 9UZ","Fao Keith A Vear, 29 Whitley Drive, Holmfield, Halifax, HX2 9SJ"
2012,01-Oct-08,31-May-12,The Brass Monkey Brewery Co Ltd,-995.97,-995.97,"Units 24-26, Asquith Bottom Mills, Sowerby Bridge, HX6 3BS","Units 24/26, Asquith Bottom Mills, Ridge Street, Sowerby Bridge, HX6 3BS"
2012,01-Jul-95,14-Oct-13,Tote Bookmakers Ltd,-545.55,-545.55,"5 Canal Street, Brighouse, HD6 1NR","Westgate House, Chapel Lane, Wigan, WN3 4HS"
2012,01-Apr-90,07-Jun-12,V T L [Europe] Ltd,-1612.07,-3645.24,"Cooper House Works, Luddendenfoot, Halifax, HX2 6EL","St Thomas Road, Huddersfield, HD1 3LG"
2012,01-Jun-04,,Walker Boats Ltd,-0.96,-0.96,"Unit 2A Crossley Works, Cragg Road, Mytholmroyd, Hebden Bridge        HX7 5EY","F.A.O. Mr Frank Walker, 33 Half House Lane, Hove Edge, Brighouse, HD6 2PH"
2012,01-Apr-05,,Weir Scaffolding Ltd,-75.45,-75.45,"Unit 12A & 12C, Holme End Works, Holme End, Hebden Bridge        HX7 8NX","C/O David Jones, 10 Calder Terrace, Mytholmroyd, Hebden Bridge, HX7 5AA"
2012,01-Apr-05,,West Lane Garage Ltd,-0.51,-0.51,"West Lane Garage, Hall Ings, West Lane, Southowram           HX3 9RG","F.A.O. Mr Steven Gledhill, West Lane Garage, Hall Ings, West Lane, Southowram, HX3 9RG"
2012,01-Apr-90,,Wickes Building Supplies Ltd,-2326.64,58889.36,"Wade Street, Halifax, HX1 1SN","Attn Mrs C J Smith [Ests Dept], Travis Perkins, Lodge Way House, Harleston Road, Northampton, NN5 7UG"
2012,01-Aug-12,31-Jul-12,Zych Ceramics Ltd,-184.23,-184.23,"Office 3.8, 1ST Floor, White Rose Mill, Holdsworth Road, Holmfield            HX3 6SN","The Old Town Hall, Thornton Square, Brighouse, HD6 1EB"
2013,01-Jan-14,,A & B Installations Ltd,-945.52,618.48,"Lock Hill Mills, Holmes Road, Sowerby Bridge, HX6 3LD","2 & 3 Langfield Business Park, Norland Road, Sowerby Bridge, HX6 4BD"
2013,30-Jul-13,16-Dec-13,A - Z Motor Factors Ltd,-1100.80,-1100.80,"Hope Street, Halifax, HX1 5DW","269-271 Queens Road, Halifax, HX1 4NS"
2013,01-Jun-03,,Airwave Solutions Ltd,-0.01,1979.99,"Telecommunications Mast, Site Ref Wyo 081A, Hanson Lane, Halifax              HX1 4SD","C/O Gva, C/O Po Box 16097, 3 Brindley Place, Birmingham, B2 2UY"
2013,07-Jul-13,,Alco Valves Ltd,-2680.00,8525.00,"Unit 2, The Sidings Industrial Park, Birds Royd Lane, Brighouse            HD6 1LQ","Mission Works, Birds Royd Lane, Brighouse, HD6 1LQ"
2013,01-Mar-11,31-Mar-12,Aquamat Ltd,-1894.20,-3739.20,"2ND Flr Unit 1, Wellington Mills, Quebec Street, Elland               HX5 9AS","Unit B4 Phoenix Trading Est, London Road, Thrupp, Stroud, Gloucestshire, GL5 2BX"
2013,26-Feb-10,14-May-13,Atmosphere Bars & Clubs Ltd (In Administration),-1744.37,-1744.37,"Abc Cinema, Commercial Street, Halifax, HX1 1BX","F.A.O.Craig  Florence, C/O Deloitte Llp, 1 City Square, Leeds, LS1 2AL"
2013,01-Apr-09,31-Jul-13,Auto Furniture [ Csp ] Ltd,-25.00,-25.00,"Level 1 Warehouse, Cromwell House, Elland Road, Brighouse            HD6 2RG","Level 1 Warehouse, Cromwell House, Elland Road, Brighouse, HD6 2RG"
2013,25-Feb-12,,Avocet Hardware (Uk) Limited,-3773.97,45390.03,"Brookfoot Mills, Elland Road, Brighouse, HD6 2RW","Fao Matthew Bowers, Brookfoot Mills, Elland Road, Brighouse, HD6 2RW"
2013,04-Apr-08,,B & Q Plc,-0.01,206057.99,"7 Shroggs Road, Halifax, HX1 5HZ","C/O G L Hearn Management Ltd, P.O Box 1610, Southampton, SO15 3WX"
2013,17-Oct-12,30-Apr-14,Binns & Sons (Greetland) Ltd,-168.95,-168.95,"Unit 2 Brian Royd Mills, Brian Royd Lane, Greetland, Halifax              HX4 8PE","Brian Royd Mills, Saddleworth Road, Greetland, Halifax, HX4 8NF"
2013,01-Mar-09,28-Oct-12,Bizspace Ltd,-180.01,-180.01,"Unit 16I & Unit 16J, Calderdale Business Park, Club Lane, Halifax              HX2 8DB","Sovereign House, Fao A Barrie, 1 Albert Place, Finchley, London, N3 1QB"
2013,01-Jul-13,31-Dec-13,Bizspace Ltd,-603.91,-603.91,"Unit 16K, Calderdale Buslness Park, Club Lane, Halifax              HX2 8AX","Sovereign House, Fao A Barrie, 1 Albert Place, Finchley, London, N3 1QB"
2013,02-May-13,01-May-13,Bizspace Ltd,-2088.82,-2088.82,"Unit 2, Calderdale Business Park, Club Lane, Halifax              HX2 8AX","Sovereign House, Fao A Barrie, 1 Albert Place, Finchley, London, N3 1QB"
2013,13-Aug-13,31-Dec-13,Blackshaw Holdings Ltd,-224.07,-224.07,"Swales Moor Yard, Swales Moor Road, Halifax, HX3 6UF","St Bernards Mill, Gelderd Road, Gildersome, Leeds, LS27 7NA"
2013,01-Feb-14,31-Jan-14,Brogan Business Parks Ltd,-0.17,-0.17,"Unit W3, Tenterfield Business Pk, Burnley Road, Luddendenfoot        HX2 6EQ","C/O Cdp Ltd, Huddersfield Road, Elland, HX5 9BW"
2013,25-Mar-03,,Budget Insurance Services Ltd,-367.95,212.86,"11 Bethel Street, Brighouse, HD6 1JR","F.A.O Susan Prideaux, Purchase Ledger Dept, Swinton Group Ltd, 6 Great Marlborough Street, Manchester, M1 5SW"
2013,01-Apr-10,,C J Morton & Co Ltd,-0.10,-864.10,"Pendleton Mills, James Street, Elland, HX5 0HB","F.A.O. Stephen Walker, Morton Meadow Logistics Ltd, Brookfoot Business Centre, Elland Road, Brighouse, HD6 2RW"
2013,05-May-11,27-Oct-13,C N Trading Ltd,-747.49,-747.49,"UNIT1 Perseverance Mill, Halifax Road, Todmorden, OL14 6EG","Calderside Nurseries, Oakville Road, Hebden Bridge, HX7 6NG"
2013,16-Jul-11,,Cafe Dino's Ltd,-150.00,-120.70,"23 Alexandra Street, Halifax, HX1 1BS","23 Alexandra Street, Halifax, HX1 1BS"
2013,25-Dec-09,31-Mar-14,Calderdale Mbc Economy & Environment,-682.95,-682.95,"18/20 Square, Halifax, HX1 1RJ","Fao Gillian West, Housing Options Manager, Doorways, 18/20 The Square, Halifax, HX1 1RJ"
2013,30-Sep-12,03-Nov-13,Coal Pension Properties Ltd,-6312.00,-6312.00,"4 Woolshops, Halifax, HX1 1RU","C/O Capita Property &, Infrastructure Ltd, 65 Gresham Street, London, EC2V 7NQ"
2013,01-Apr-13,,Conroy Brook (Developments) Ltd,-0.55,8610.08,"5 Villa Gardens, Shelf, Halifax, HX3 7JW","Burdwell Works, 172 New Mill Road, Brockholes, Huddersfield, HD9 7AZ"
2013,16-Oct-12,27-Feb-14,Due West Ltd,-1197.50,-1197.50,"38 Southgate, Halifax, HX1 1DL","C/O O & C Management Services Ltd, 9 Harrison Road, Halifax, HX1 2AF"
2013,01-Sep-12,,Epost Delivery Ltd,-378.99,-378.99,"Unit 7 1ST Floor, The Town Hall, St George's Street, Hebden Bridge        HX7 7BY","1 Saxon Hall, 16 Palace Court, London, W2 4JA"
2013,22-Aug-12,28-Sep-13,Fat Cat Associates Ltd,-0.70,-0.70,"85 Stainland Road, Greetland, Halifax, HX4 8BD","89 Stainland Road, Greetland, Halifax, HX4 8BD"
2013,01-Jun-13,,Fat Cat Associates Ltd,-1.00,-1.00,"Ground Floor, 89 Stainland Road, Greetland, Halifax              HX4 8BD","89 Stainland Road, Greetland, Halifax, HX4 8BD"
2013,01-Apr-90,05-Dec-13,Fred Wade Ltd (In Liquidation),-146.14,-146.14,"14 Rawson Street, Halifax, HX1 1NH","C/O Lee & Company, Crown House, Armley Road, Leeds, LS12 2EJ"
2013,01-Apr-95,,Halifax Plc,-391.00,1173.00,"30 Powell Street, Halifax, HX1 1LN","Lloyds Banking Group, C/O Cbre Corporate Outsourcing Ltd, 55 Temple Row, Birmingham, B2 5LS"
2013,01-Jan-12,12-Mar-14,Halifax Property Services Ltd,-410.67,-2028.17,"Century House, West Parade, Halifax, HX1 2TE","Fagley Lane, Eccleshill, Bradford, BD2 3NT"
2013,31-Jul-07,,Hammerstones Construction Ltd (Company Dissolved),-60.00,4800.00,"Unit 1 Mount Works, Dewsbury Road, Elland, HX5 9BG","Mount Works, Dewsbury Road, Elland, HX5 9AR"
2013,01-Sep-04,25-Apr-13,Hebble Rugs Ltd,-91.06,-91.06,"Unit 1A Lower Ground Floor, Lower Ladyship Mills, Old Lane, Halifax              HX3 5QN","C/O Avena Carpets Mr Jnp Crossley, Bankfield Mill, Haley Hill, Halifax, HX1 6ED"
2013,05-May-09,07-Nov-13,Id Ess (Retail) Ltd,-341.69,-341.69,"Office Suite D151, Dean Clough Mills, Halifax, HX3 5AX",
2013,06-Jun-07,,Ideal Boats Company Ltd,-332.24,-619.91,"Woodbottom Mill, Todmorden, OL14 6PG","21 Robinwood Mill, Burnley Road, Todmorden, OL14 8JA"
2013,01-Feb-13,27-Feb-14,Interface Europe Ltd,-1361.38,-1361.38,"Shelf Mills (Vacant), Wade House Road, Shelf, Halifax              HX3 7PA","Financial Director, Shelf Mills, Shelf, Halifax, HX3 7PA"
2013,16-Nov-11,,Interserve Working Futures Ltd,-824.25,6548.24,"Part 1ST & 2ND Floors, Westgate House, Market Street, Halifax              HX1 1PD","Warwick House, Wade Lane, Leeds, LS2 8NL"
2013,16-Jul-13,15-Jul-13,John Crossley & Sons Ltd,-1226.41,-1226.41,"Unit B1, Ladyship Industrial Estate, Old Lane, Halifax             HX3 5QN","Fao Rupert Wj Crossley, Bankfield Works, Haley Hill, Halifax, HX3 6ED"
2013,21-Aug-10,01-Jan-14,K Engineering Nationwide Ltd,-239.39,-239.39,"Unit 9, Eastfield Mills, Belmont Street, Halifax             HX3 6AT","7 Thornes Moor Close, Wakefield, WF2 8QA"
2013,07-Dec-12,,Keswickton Securities Ltd,-24.82,1191.18,"Unit 2 Brow Mills Ind Estate, Brighouse Road, Hipperholme, Halifax              HX3 8EF","Unit 12, Brow Mills Industrial Estate, Brighouse Road, Hipperholme, HX3 8DD"
2013,01-Mar-11,30-Apr-13,Ksh (Halifax) Ltd,-647.00,-647.00,"Unit 4 Mount Works, Dewsbury Road, Elland, HX5 9BG","Unit 3 Mount Works, Dewsbury Road, Elland, HX5 9BG"
2013,01-Jul-01,,Ladbrokes Betting & Gaming Ltd,-0.01,529.99,"Workshop, Sod House Green, Halifax, HX3 6QR","R/O 17 Wood Street, Stratford-Upon-Avon, CV37 6JF"
2013,26-Jun-01,,Ladbrokes Betting & Gaming Ltd,-0.01,1629.99,"364 Ovenden Road, Halifax, HX3 5TJ","R/O 17 Wood Street, Stratford-Upon-Avon, CV37 6JF"
2013,01-Apr-90,,Ladbrokes Betting & Gaming Ltd,-0.01,3714.99,"20 Old Market, Halifax, HX1 1TN","R/O 17 Wood Street, Stratford-Upon-Avon, CV37 6JF"
2013,01-Apr-12,,Lloyds Bank Plc,-0.02,833.98,"Alliance & Leicester, Off Springs Garage, Halifax Road, Todmorden           OL14 5TS","Lloyds Banking Group, C/O Cbre Corporate Outsourcing Ltd, 55 Temple Row, Birmingham, B2 5LS"
2013,01-Jun-09,,Mackrill Financial Management Ltd,-3123.00,0.00,"Unit 26 Ripponden Bsn Park, Oldham Road, Ripponden, Sowerby Bridge       HX6 4FF",
2013,06-Dec-11,15-Jul-13,Manningstead Ltd,-879.53,-879.53,"12 Central Hall, Coronation Street, Elland, HX5 0DF","C/O Brent Turner, The Hayloft, Hullen Edge Farm, Goose Nest Lane, Norland, Halifax, HX6 3QW"
2013,30-Dec-97,,Marks & Spencer Plc,-0.04,64709.96,"29 Woolshops, Halifax, HX1 1RU","Attn Karen Riley, Business Rates, Alexandra Court, 200-220 The Quays, Salford, M50 3WY"
2013,01-Apr-13,,Marrtree Investments Limited,-336.00,489.00,"327a Queens Road, Halifax, HX1 4PY","The Old Office, The Square, Farnley, Otley, LS21 2QG"
2013,01-Feb-09,,Milton (Halifax) Ltd,-77.80,1794.20,"Milton Shed (Empty), Gibbet Street, Halifax, HX1 5BA","C/O R Gledhill Ltd, Pingle Mill, Delph, Near Oldham, OL3 5EX"
2013,01-Feb-09,,Milton (Halifax) Ltd,-0.50,1969.50,"Milton Shed, Gibbet Street, Halifax, HX1 5BA","C/O R Gledhill Ltd, Pingle Mill, Delph, Near Oldham, OL3 5EX"
2013,01-Apr-11,,Mobile Broadband Network Ltd,-0.01,1979.99,"Telecommunication Mast, Site Ref H X 0005, Commercial Street, Halifax              HX1 1AD","C/O Gva Business Rates Tm, Po Box 16097, 3 Brindley Place, Birmingham, B2 2UY"
2013,01-Apr-11,,Mobile Broadband Network Ltd,-0.01,1979.99,"Telecommunication Mast, Site Ref H X 0040, Queens Road, Halifax              HX1 3XY","C/O Gva Business Rates Tm, Po Box 16097, 3 Brindley Place, Birmingham, B2 2UY"
2013,01-Nov-08,,Moreton Deakin Associates,-54.71,189.29,"The Turrett, Valley Road, Hebden Bridge, HX7 7BZ",
2013,23-Dec-05,,Nestle Uk Ltd,-7065.00,130787.00,"Bailey Hall Road, Halifax, HX3 9HT","Fao Viv Guinan, Nestle Rowntree Division, Albion Mills, Halifax, HX3 9XT"
2013,01-Dec-13,31-Dec-13,Orean Personal Care Ltd,-1314.51,-1314.51,"Units 14-20, Branxholme Industrial Estate, Bradford Road, Brighouse            HD6 4EA","Unit E1, Stubs Beck Lane, West 26 Ind Estate, Cleckheaton, BD19 4TT"
2013,01-Oct-11,28-Feb-14,P G Freight Ltd,-30.67,-30.67,"Unit 3, 535 Bradford Road, Bailiff Bridge, Brighouse            HD6 4DL","C/O Wilkinson And Partners, Fairfax House, 6A Mill Field Road, Cottingley, BD16 1PY"
2013,16-Mar-13,31-Oct-13,Preston Derwent Estates Ltd,-103.65,-103.65,"Office Block(First Floor), North Dean Business Park, Stainland Road, Greetland           HX4 8LR","C/O K Duffy, 19 Silverdale Drive, Lees, Oldham, OL4 3DX"
2013,27-Oct-12,15-Jul-13,Punch Taverns Plc,-499.90,-499.90,"Branch House, Saddleworth Road, Barkisland, Halifax              HX4 8NU","Business Rates, Jubilee House, Second Avenue, Burton On Trent, Staffordshire, DE14 2WF"
2013,01-May-08,,Royds Properties Ltd,-252.00,543.00,"First Floor Unit 9, Wellington Mills, Quebec Street, Elland               HX5 9BX","Lea House, Spring Lane, New Mill, Huddersfield, HD9 7EH"
2013,01-Apr-90,23-Oct-13,Specsavers Optical Superstores Ltd,-2691.20,-2691.20,"26 Cheapside, Halifax, HX1 1TQ","r2g Ltd, Unit 8, Thame Park Business Centre, Wenman Road, Thame, Oxon, OX9 3XA"
2013,05-May-01,19-Aug-13,Staples Uk Retail Ltd,-8473.00,-8473.00,"Unit 3 Halifax Retail Park, Pellon Lane, Halifax, HX1 5DF",
2013,01-Aug-11,30-Jan-13,Stonegate Pub Company,-1224.00,-1224.00,"5 Ferguson Street, Halifax, HX1 2EE","Porter Tun House, 500 Capability Green, Luton, LU1 3LS"
2013,25-Oct-12,04-Apr-13,Strafford Properties Ltd,-468.94,-468.94,"23 Bull Green, Halifax, HX1 2RZ","C/O Walker Singleton, Property House, Lister Lane, Halifax, HX1 5AS"
2013,25-Apr-08,28-Nov-13,Structured Technologies Services Ltd [In Administration],-481.23,-481.23,"Office Suite G 426, Dean Clough Mills, Halifax, HX3 5AX","C/O Castle Acres, Everard Way, Narborough, Leicester, LE19 1BY"
2013,01-Sep-97,,Sweet & Maxwell Ltd,-17898.00,10299.00,"The Hatcheries, Hall Bank Lane, Mytholmroyd, Hebden Bridge       HX7 5HQ","Thomson Reuters, C/O Cushman & Wakefield, 9 Colmore Row, Birmingham, B3 2BJ"
2013,25-Apr-07,30-Jul-08,T Mobile Uk Ltd,-1293.60,-6436.36,"T Mobile  (53337), Toothill Lane, Brighouse, HD6 3SF","Rating Validation, Gva Grimley Pma 321, P O Box 16097, 3 Brindley Place, Birmingham, B2 2JB"
2013,01-Mar-13,12-Jan-14,Thornber Chicks Ltd,-9.25,-9.25,"Unit 4D, Topland Country Business Pk, Cragg Road, Mytholmroyd          HX7 5RU","C/O Delta Western Ltd, The Courtyard, 75a Odsal Road, Wibsey, Bradford, BD6 1PN"
2013,01-Jan-13,31-Aug-13,Thornber Chicks Ltd,-239.54,-239.54,"Unit 1B, Dean Hey Country Business Pk, Cragg Road, Mytholmroyd          HX7 5RU","C/O Delta Western Ltd, The Courtyard, 75a Odsal Road, Wibsey, Bradford, BD6 1PN"
2013,01-May-10,03-Mar-14,Triplesix Ltd,-166.67,-166.67,"Unit 6C & 6D, Topland Country Business Pk, Cragg Road, Mytholmroyd","Unit 2 B Orchard Business Pk, Scout Road, Mytholmroyd, Hebden Bridge, HX7 5HZ"
2013,29-Jan-13,,Troy Chemical Company B V,-12.67,1531.33,"Suites 3 & 5, 2ND Floor, Park View House, Woodvale Road, Brighouse            HD6 4AB","Suites 3 & 5 Second Floor, Parkview House, Woodvale Road, Brighouse, HD6 4AB"
2013,11-May-11,28-Feb-14,Trustees Of B Holmes Discretionary Settlement,-620.04,-620.04,"Part 7th Floor, 60 Crown Street, Halifax, HX1 1HY","C/O Walker Singleton, Property House, Lister Lane, Halifax, HX1 5AS"
2013,10-Aug-12,28-Jul-14,Trustees Of L.B Of Southwark Pension Fund,-1.00,-8471.33,"Unit H3 Premier Way, Lowfields Business Park, Elland, HX5 9HF","C/O Cushman & Wakefield Llp, Po Box 14730, 9 Colmore Row, Birmingham, B3 2JT"
2013,07-Dec-10,,Trustees Of Whiteleys Engineering,-183.00,324.00,"Former Cottage, Rishworth Business Complex, Rishworth, Sowerby Bridge       HX6 4EW","Attn Property Management A/C's, C/O Walker Singleton, Property House, Lister Lane, Halifax, HX1 5AS"
2013,19-Jun-13,31-Dec-13,Trustees Of Whiteleys Engineering,-406.48,-406.48,"Unit 3, Rishworth Business Complex, Rishworth, Sowerby Bridge       HX6 4EW","Attn Property Management A/C's, C/O Walker Singleton, Property House, Lister Lane, Halifax, HX1 5AS"
2013,29-Nov-04,,Wilkinson Hardware Stores Ltd,-0.01,49643.99,"Briggate, Brighouse, HD6 1EF","Colliers International Propty, Advisers Uk Llp, Rate Account Management, 50 George Street, London, W1U 7GA"
2013,28-Dec-98,,Wilkinson Hardware Stores Ltd,-0.01,62963.99,"2 Southgate, Halifax, HX1 1DR","Colliers International Propty, Advisers Uk Llp, Rate Account Management, 50 George Street, London, W1U 7GA"
2014,01-Jul-06,,Age Uk,-867.60,-867.60,"10 Halifax Road, Todmorden, OL14 5AD","Property Department, Tavis House, 1-6 Tavistock Square, London, WC1H 9NA"
2014,15-Aug-11,27-Apr-14,Ashfield Veterinary Limited,-1666.49,-1666.49,"Heath House Surgery, Free School Lane, Halifax, HX1 2PS","Heath House Surgery, Free School Lane, Halifax, HX1 2PS"
2014,01-Apr-90,24-Jun-14,Avco Trust Ltd,-306.66,-306.66,"First Floor, 18 Silver Street, Halifax, HX1 1HS","Citibank Na, C/O Cbre Fao Ap Rates Team, Cornwall Court 4th Floor, 19 Cornwall Street, Birmingham, B3 2DT"
2014,01-Apr-14,07-Sep-14,B W Sipp Trustees Limited,-669.56,-669.56,"Bay 1, Rosemount Estate, Huddersfield Road, Elland               HX5 0EE","C/O Throstle Nest, Warley Wood Lane, Luddendenfoot, Halifax, HX2 6BW"
2014,01-Mar-07,,Bailiff Bridge Cafe Ltd,-13.36,-13.36,"611 Bradford Road, Brighouse, HD6 4DN",
2014,01-Jul-13,31-Dec-13,Bizspace Ltd,-185.21,-117.59,"Unit 8G, Calderdale Business Park, Club Lane, Halifax              HX2 8AX","Sovereign House, Fao A Barrie, 1 Albert Place, Finchley, London, N3 1QB"
2014,18-Nov-13,01-Jun-14,Bizspace Ltd,-600.21,-600.21,"Unit 11, Calderdale Business Park, Club Lane, Halifax              HX2 8AX","Sovereign House, Fao A Barrie, 1 Albert Place, Finchley, London, N3 1QB"
2014,01-Oct-06,11-May-14,Broadbent Stanley Ltd,-81.00,-81.00,"Quarry House, Burnley Road, Sowerby Bridge, HX6 2TF","Holmfield Works, Shay Lane, Halifax, HX3 6RS"
2014,01-Apr-10,,C J Morton & Co Ltd,-864.00,-864.10,"Pendleton Mills, James Street, Elland, HX5 0HB","F.A.O. Stephen Walker, Morton Meadow Logistics Ltd, Brookfoot Business Centre, Elland Road, Brighouse, HD6 2RW"
2014,01-Apr-07,30-Jun-14,Calderdale Mbc Children & Young Peoples Services,-10673.99,-10673.99,"Elland Childrens Centre, Boxhall Road, Elland, HX5 0BB","Attn Michael Benn, 4th Floor Northgate House, Northgate, Halifax, HX1 1UN"
2014,01-Apr-11,30-Jun-14,Calderdale Mbc Childrens & Young Peoples Services,-1485.00,-1485.00,"Hebden Vale Childrens Centre, Stubbing Holme, Hebden Bridge, HX7 6LQ","Attn Michael Benn, Northgate House [Finance Sec], Northgate, Halifax, HX1 1UN"
2014,01-Nov-13,30-Jun-14,Calderdale Mbc Childrens & Young Peoples Services,-10312.16,-10312.16,"Childrens Centre, Field Lane J & I School, Burnsall Road, Rastrick             HD6 3JT","Attn Michael Benn, Northgate House [Finance Sec], Northgate, Halifax, HX1 1UN"
2014,29-Sep-08,30-Jun-14,Calderdale Mbc Childrens & Young Peoples Services,-6784.32,-6784.32,"Wellholme Park, Childrens Centre, Bradford Road, Brighouse            HD6 4AF","Attn Michael Benn, Northgate House [Finance Sec], Northgate, Halifax, HX1 1UN"
2014,01-Jan-13,03-Sep-14,Edgar Dickinson Properties Ltd,-217.58,-217.58,"Unit 55 Bowers Mill, Branch Road, Barkisland, Halifax             HX4 0AD","Walker Singleton, Property House, Lister Lane, Halifax, HX1 5DR"
2014,01-Sep-11,25-Sep-14,Falconer Print & Packaging Ltd,-389.67,-389.67,"Unit 3, Woodman Works, South Lane, Elland               HX5 0PA","Unit G5, Navigation Close, Lowfields Business Park, Elland, HX5 9HB"
2014,01-Jun-12,31-Jul-14,Global Commercial Investments Ltd,-615.88,-615.88,"Rear Part Unit H, Craven Edge Enterprise Cntr, Hopwood Lane, Halifax              HX1 5JH","Unit 4, Fast Food Business Centre, Pride Buildings, Hall Lane, Bradford, BD4 7AB"
2014,01-Jan-12,12-Mar-14,Halifax Property Services Ltd,-1617.50,-2028.17,"Century House, West Parade, Halifax, HX1 2TE","Fagley Lane, Eccleshill, Bradford, BD2 3NT"
2014,28-Jun-12,,Healthpharm Yorkshire Ltd,-745.01,-745.01,"Brighouse Pharmacy, 24 Church Lane, Brighouse, HD6 1AT","157 Upper Commercial Street, Batley, WF17 5DH"
2014,01-Jan-06,31-Mar-14,I.M.S Concepts Ltd,-70.95,-70.95,"Unit 75 Bowers Mill, Branch Road, Barkisland, Halifax              HX4 0AD","Unit 75 Bowers Mill, Branch Road, Barkisland, Halifax, HX4 0AD"
2014,01-Jan-13,31-Aug-14,Kimpton Building Services Ltd,-259.89,-259.89,"Office 1, 4 Albert Street, Hebden Bridge, HX7 8AH",No Forwarding Address
2014,01-Aug-13,14-May-14,Kiplings (Sowerby Bridge) Ltd,-213.24,-213.24,"24-26 Town Hall Street, Sowerby Bridge, HX6 2EA","21 Hyde Park Road, Leeds, LS6 1PY"
2014,06-Jan-14,13-Jun-14,L I S Claims Management Ltd,-67.93,-67.93,"Office Suite E 207, Dean Clough Mills, Halifax, HX3 5AX","Heritage Exchange, South Lane, Elland, HX5 0HG"
2014,09-Nov-09,,Lotech Pharmacia Ltd,-1000.00,-1000.00,"2 Castle Avenue, Brighouse, HD6 3HT","Wellfield House, New Hey Road, Huddersfield, HD3 4AL"
2014,01-Mar-10,07-Jun-14,M & S Nurseries Ltd,-360.00,-360.00,"Croftmyl, West Parade, Halifax, HX1 2EQ","Century House, West Parade, Halifax, HX1 2TE"
2014,01-Oct-11,01-Oct-14,Maja Polich Shop Ltd,-371.23,-371.23,"36 Lister Lane, Halifax, HX1 5AX","Unit 33, The Metropolitan Centre, Greenford, London, UB6 8UQ"
2014,15-Apr-14,,My Automotive Limited,-206.64,-206.64,"Victoria Works, Allerton Place, Halifax, HX1 5JJ",
2014,01-Feb-02,31-Mar-10,Ormandy Ltd,-4266.00,-4266.00,"Atlas Works, Gibbet Street, Halifax, HX1 4DB","Atlas Works, Gibbet Street, Halifax, HX1 4DB"
2014,20-Feb-14,30-Apr-14,Petron Lofts,-944.19,-944.19,"Northern Timber Merchants, Gooder Lane, Brighouse, HD6 1HF","Po Box 85, 107 Hightown Road, Liversedge, WF16 6AG"
2014,11-Aug-05,01-Aug-14,Pickles Architects,-768.13,-768.13,"16A Church Lane, Brighouse, HD6 1AT","Ground Floor, 16 Church Lane, Brighouse, HD6 1AT"
2014,01-Jul-14,01-Oct-14,Portfolio Display Ltd,-229.02,-229.02,"Elland Lane, Elland, HX5 9DU","Fao Robert Walker, Unit 2 Marshall Hall Mills, Elland Lane, Elland, HX5 9DU"
2014,01-Nov-11,,PS4 Fitness Ltd,-41.51,-41.51,"12 Huddersfield Road, Brighouse, HD6 1JZ","Attention Paul Sterling, 54 Ryefields Road, Golcar, Huddersfield, HD7 4DB"
2014,01-Apr-10,22-Apr-14,R & A Drinks (2010) Ltd,-61.94,-61.94,"Unit 3, The Market Business Centre, Hanson Lane, Halifax              HX1 5PF","Unit 3, The Market Business Centre, Hanson Lane, Halifax, HX1 5PF"
2014,01-Oct-13,30-Sep-14,Replay Events Ltd,-18.20,-18.20,"Office No T04, 1ST Floor Cromwell House, Elland Road, Brighouse            HD6 2RG","Office No T04, 1St Floor Cromwell House, Elland Road, Brighouse, HD6 2RG"
2014,23-Apr-03,30-Jun-14,Royal & Sun Alliance,-33539.00,-33539.00,"Bowling Dyke Mill, Dean Clough, Halifax, HX3 6UP","Fao Rates Management, Lambert Smith Hampton, Interchange Place, Edmund Street, Birmingham, B3 2TA"
2014,01-Apr-05,31-Aug-14,Ryburn Valley High School,-4205.27,-4205.27,"Ryburn Valley High School, St Peter's Avenue, Sowerby Bridge, HX6 1DF","F.A.O Mrs J Kendall, St Peter's Avenue, Sowerby Bridge, HX6 1DF"
2014,20-Jan-14,18-Jul-14,S.I.T.A. (Uk) Ltd,-940.00,-940.00,"Todmorden Household &, Waste Recycling Centre, Halifax Road, Todmorden           OL14 6DQ","Nrth Tyneside Transfer Station, Wallsend Road, North Shields, Tyne & Wear, NE29 7SH"
2014,01-Apr-90,,Shelter National Campaign For Homeless People Ltd,-91.00,-91.00,"32 Bridge Gate, Hebden Bridge, HX7 8EX","88 Old Street, London, EC1V 9HU"
2014,25-Oct-10,29-Sep-14,Sports Direct.Com Retail Ltd,-4674.74,-4674.74,"Unit 1 Arcade Royale, Southgate, Halifax, HX1 1DL","C/O G L Hearn Management Ltd, Po Box 1610, Southampton, SO15 3WX"
2014,01-Apr-10,,Tesco Personal Finance Ltd,-15149.81,4542.00,"Atm Site At Tesco, 25 Westgate House, Market Street, Halifax              HX1 1PD","C/O G L Hearn Management Ltd, Po Box 1610, Southampton, SO15 3WX"
2014,01-Apr-10,,Tesco Personal Finance Ltd,-21849.84,6660.00,"Atm Site At Tesco, Haugh Shaw Road, Halifax, HX1 3TU","C/O G L Hearn Management Ltd, Po Box 1610, Southampton, SO15 3WX"
2014,01-Apr-91,10-Jul-14,The Woodcut Educational Trust Ltd,-2.83,-2.83,"Unit 21, Mill House Works, Mill House Lane, Triangle            HX6 3LN","Wood Cottage, Beestonley Lane, Stainland, Halifax, HX4 9PS"
2014,01-Nov-13,31-Mar-14,Thornber Chicks Ltd,-487.70,-487.70,"Unit 10E, Topland Country Business Pk, Cragg Road, Mytholmroyd          HX7 5RU","C/O Delta Western Ltd, The Courtyard, 75a Odsal Road, Wibsey, Bradford, BD6 1PN"
2014,08-Jan-14,09-Jul-14,Threadneedle Uk Property Trust,-54472.60,-54472.60,"Unit J6 Lowfields Way, Lowfields Business Park, Elland, HX5 9DA","C/O Workman Llp, 4th Floor Minton Place, Station Road, Swindon, SN1 1DA"
2014,01-Aug-14,31-Jul-14,Time Out Children's Homes Ltd,-1875.96,-1875.96,"Timeout Ripponden Mill, Mill Fold Lane, Ripponden, Sowerby Bridge       HX6 4DJ","Ripponden Mill, Mill Fold Lane, Ripponden, HX6 4DH"
2014,01-Apr-14,,Treble Clef Ltd,-91.13,-91.13,"5 Canal Street, Brighouse, HD6 1NR","5 Canal Street, Brighouse, HD6 1NR"
2014,10-Aug-12,28-Jul-14,Trustees Of L.B Of Southwark Pension Fund,-8470.33,-8471.33,"Unit H3 Premier Way, Lowfields Business Park, Elland, HX5 9HF","C/O Cushman & Wakefield Llp, Po Box 14730, 9 Colmore Row, Birmingham, B3 2JT"
2014,06-Mar-04,24-Jun-14,United Friendly Insurance Plc,-3512.66,-3512.66,"Second Floor, 18 Silver Street, Halifax, HX1 1HS","Fao Katie O'Hare, Royal London, Royal London House, Alderley Road, Wilmslow, SK9 1PF"
2014,02-Feb-14,14-Sep-14,Vcep Investments Llp,-4379.60,-4379.60,"Workshop, Heathfield Business Park, Heathfield Street, Elland               HX5 9AU","Clive Lloyd - Private, Design & Display Ltd, Lowfields Way, Lowfields Bus Park, Elland, HX5 9DA"
2014,01-Apr-11,31-Jul-14,Venus Beauty Salon Ltd,-500.25,-500.25,"106 Commercial Street, Brighouse, HD6 1AQ",No Forwarding Address
2014,12-Mar-14,,Yorkshire Moors Ltd,-135.51,-135.51,"Moorcock Inn, Moor Bottom Lane, Norland, Sowerby Bridge       HX6 3RP",
,,,,,,,
